id,latitude,longitude,label,quality,max_mean-bright,max_std_bright,date,region
692866106,53.0660763,7.7450721,2,6,0.47453186274509807,5.529522184536942,2022-03-14,Niedersachsen
692866115,53.0697181,7.7432586,2,6,0.461031862745098,10.607413604866828,2022-03-14,Niedersachsen
692866125,53.0622134,7.7465601,2,6,0.5673480392156863,7.943735752312561,2022-03-14,Niedersachsen
692866136,53.0644725,7.7466324,2,6,0.5767671568627452,7.720521787500661,2022-03-14,Niedersachsen
692866141,53.0732837,7.7409743,2,6,0.5532769607843137,14.860212539946744,2022-03-14,Niedersachsen
692866144,53.0678683,7.7441503,2,6,0.5719044117647059,8.87105758209987,2022-03-14,Niedersachsen
751800433,52.9232563,7.3788237,2,6,0.6678357843137255,14.229950089075322,2022-03-14,Niedersachsen
751800440,52.9256875,7.3842464,2,6,0.4139313725490196,7.010425642452638,2022-03-14,Niedersachsen
824468122,53.1939026,7.3096555,2,6,0.19579166666666664,7.954196980502826,2022-03-14,Niedersachsen
824468280,53.2029763,7.3084759,2,6,0.24712254901960784,7.4802458620166705,2022-03-14,Niedersachsen
824468511,53.1891975,7.3072932,2,6,0.1700294117647059,10.171886918478139,2022-03-14,Niedersachsen
824468725,53.2039311,7.3176364,2,6,0.26474754901960784,6.573912816545423,2022-03-14,Niedersachsen
824468964,53.1902507,7.3025341,2,6,0.37473529411764706,12.544135986410703,2022-03-14,Niedersachsen
824469002,53.1917729,7.3073651,2,6,0.1852843137254902,9.583409209730323,2022-03-14,Niedersachsen
824469088,53.2054315,7.3109927,2,6,0.2813046757164404,6.250512853339054,2022-03-14,Niedersachsen
833374379,53.1992119,7.3060186,2,6,0.3234583333333333,11.346544767708753,2022-03-14,Niedersachsen
833374462,53.1967019,7.3082451,2,6,0.219139705882353,8.30793705874634,2022-03-14,Niedersachsen
918158389,53.1099958,7.2189256,2,6,0.2305686274509804,16.753106170929904,2022-03-14,Niedersachsen
930483609,53.4673175,7.3058046,2,6,0.21679901960784312,12.733681174973418,2022-03-14,Niedersachsen
1014752261,53.5864669,7.8096698,2,6,0.5637401960784315,11.552244605140569,2022-03-14,Niedersachsen
1014752280,53.5852933,7.8048819,2,6,0.40908823529411764,15.183656705556414,2022-03-14,Niedersachsen
1014752282,53.579692,7.8106238,2,6,0.5733578431372549,10.555953297302647,2022-03-14,Niedersachsen
1014752286,53.5786715,7.8114913,2,6,0.5785465686274509,16.38813190310548,2022-03-14,Niedersachsen
1014752294,53.5873554,7.8044653,2,6,0.5377352941176471,11.131742115104265,2022-03-14,Niedersachsen
1014752309,53.5845535,7.8096201,2,6,0.4500073529411765,6.598035242316811,2022-03-14,Niedersachsen
1014810007,53.6172949,7.748029,2,6,0.5965661764705883,12.339174710808503,2022-03-14,Niedersachsen
1014810026,53.6109274,7.7445757,2,6,0.48334803921568625,6.204113092205675,2022-03-14,Niedersachsen
1014810027,53.6130518,7.7525139,2,6,0.4298382352941177,11.14494875636096,2022-03-14,Niedersachsen
1014810030,53.6082976,7.7408353,2,6,0.5349779411764706,11.221079814807906,2022-03-14,Niedersachsen
1014810040,53.613149,7.7414846,2,6,0.4529240196078431,10.528813754346364,2022-03-14,Niedersachsen
1014810048,53.6152598,7.7532999,2,6,0.38167647058823534,19.765806496646018,2022-03-14,Niedersachsen
1014810058,53.6128873,7.7478198,2,6,0.5298578431372549,4.765431871595367,2022-03-14,Niedersachsen
1014810062,53.6183288,7.7579693,2,6,0.6583137254901961,16.110940550917345,2022-03-14,Niedersachsen
1014810067,53.6214737,7.7486808,2,6,0.5202205882352942,10.28471843763095,2022-03-14,Niedersachsen
1014810074,53.6191216,7.7515772,2,6,0.411296568627451,6.684856933461628,2022-03-14,Niedersachsen
1014810079,53.6138787,7.7566662,2,6,0.43243382352941173,15.217589537332772,2022-03-14,Niedersachsen
1014810100,53.615208,7.7450373,2,6,0.5072475490196079,9.81549891771063,2022-03-14,Niedersachsen
1014810107,53.6112244,7.7375885,2,6,0.6133112745098039,12.705851009534538,2022-03-14,Niedersachsen
1016049195,53.6081074,7.7844291,2,6,0.4613627450980392,7.518408042811807,2022-03-14,Niedersachsen
1027891923,52.5776277,7.348094,2,6,0.4998340874811463,14.189056049824234,2022-03-14,Niedersachsen
1027891986,52.5800527,7.3461365,2,6,0.4900171568627451,10.786534091149104,2022-03-14,Niedersachsen
1032757971,53.6271031,7.7992175,2,6,0.6033088235294117,9.585743670072953,2022-03-14,Niedersachsen
1047253861,53.537035,7.9973124,2,6,0.4907622549019608,9.987811093391096,2022-03-14,Niedersachsen
1047253902,53.5378417,7.9935617,2,6,0.4743848039215687,12.954489297023708,2022-03-14,Niedersachsen
1047253917,53.5337534,7.9885373,2,6,0.5969019607843137,8.209035633722767,2022-03-14,Niedersachsen
1047253945,53.5360404,7.9914684,2,6,0.5671794871794872,19.517701379406265,2022-03-14,Niedersachsen
1047253965,53.5320337,7.9870334,2,6,0.5405588235294118,7.804403780551259,2022-03-14,Niedersachsen
1047253991,53.5351746,7.9952248,2,6,0.5135514705882352,13.826757724154136,2022-03-14,Niedersachsen
1054576418,52.7772531,8.647115,2,6,0.4914362745098039,9.346235253554724,2022-03-14,Niedersachsen
1054579170,52.7726098,8.6374075,2,6,0.36347549019607844,21.435161295241954,2022-03-14,Niedersachsen
1059134473,53.6079789,8.0572594,2,6,0.5617450980392157,10.833064729908294,2022-03-14,Niedersachsen
1067563317,53.2419234,8.7340348,2,6,0.32552205882352936,10.188125718137009,2022-03-14,Niedersachsen
1067563328,53.2423613,8.7364424,2,6,0.4253871292106586,7.876889772999898,2022-03-14,Niedersachsen
1072623995,53.5901686,7.8351203,2,6,0.48309803921568634,9.144403687732279,2022-03-14,Niedersachsen
1078888294,53.505331,7.9932778,2,6,0.5214509803921568,6.009203203991373,2022-03-14,Niedersachsen
1078888598,53.5052763,7.98691,2,6,0.4943039215686275,16.4270771496254,2022-03-14,Niedersachsen
1078888964,53.5074742,7.9858066,2,6,0.734046568627451,12.01104386991641,2022-03-14,Niedersachsen
1085424536,52.965418,7.658118,2,6,0.546906862745098,20.501474487357523,2022-03-14,Niedersachsen
1085424566,52.9685251,7.6685838,2,6,0.45005147058823536,11.553951396586156,2022-03-14,Niedersachsen
1085424590,52.9639353,7.6616078,2,6,0.4696354952237305,11.889725948988971,2022-03-14,Niedersachsen
1085424630,52.9619545,7.6665829,2,6,0.46712990196078436,12.466752201574526,2022-03-14,Niedersachsen
1085424644,52.9710929,7.6656812,2,6,0.5162745098039216,12.020541070220625,2022-03-14,Niedersachsen
1085424663,52.9724392,7.6576169,2,6,0.41677205882352936,6.909325659007207,2022-03-14,Niedersachsen
1085424674,52.964851,7.6690594,2,6,0.5703455882352941,19.180511600501042,2022-03-14,Niedersachsen
1085424705,52.9715349,7.6613676,2,6,0.3791740196078432,24.79017783421232,2022-03-14,Niedersachsen
1085424715,52.9683561,7.6562338,2,6,0.27395833333333336,8.486401273449587,2022-03-14,Niedersachsen
1094547717,52.9342927,7.5913442,2,6,0.4387549019607842,6.992154704282845,2022-03-14,Niedersachsen
1094548099,52.9383709,7.5986308,2,6,0.45401715686274513,11.443350442019796,2022-03-14,Niedersachsen
1094548731,52.9339858,7.5957272,2,6,0.3006813725490196,6.036316768953732,2022-03-14,Niedersachsen
1094549630,52.940337,7.5959102,2,6,0.41002205882352943,13.383238131084964,2022-03-14,Niedersachsen
1100553794,53.5400077,8.9986082,2,6,0.16820098039215686,3.6125035033608137,2022-03-14,Niedersachsen
1100553798,53.5424365,9.0024599,2,6,0.29511029411764705,19.20362201679519,2022-03-14,Niedersachsen
1100553911,53.5412191,9.000518,2,6,0.6104607843137254,4.5985479476076305,2022-03-14,Niedersachsen
1109162758,53.6470886,7.7431541,2,6,0.4669901960784313,5.921547705003284,2022-03-14,Niedersachsen
1109162894,53.6456753,7.7455309,2,6,0.6570857843137254,12.670528809442702,2022-03-14,Niedersachsen
1116681782,53.5515292,9.0020294,2,6,0.37133333333333335,8.109129771535688,2022-03-14,Niedersachsen
1116681938,53.553127,8.9998858,2,6,0.43864215686274505,6.712934359841612,2022-03-14,Niedersachsen
1124526230,52.9756987,8.2232906,2,6,0.30512990196078427,9.839347570236628,2022-03-14,Niedersachsen
1124526241,52.9740812,8.2211442,2,6,0.3753725490196078,15.725159492126691,2022-03-14,Niedersachsen
1124526243,52.9747589,8.2161602,2,6,0.3159926470588235,10.629462276505144,2022-03-14,Niedersachsen
1124526249,52.9775885,8.2231188,2,6,0.5005980392156862,8.063384213256155,2022-03-14,Niedersachsen
1124526257,52.9768246,8.2092387,2,6,0.37809313725490196,12.467013397663813,2022-03-14,Niedersachsen
1124526263,52.9751917,8.2098178,2,6,0.39265196078431375,8.802305184117813,2022-03-14,Niedersachsen
1124526271,52.9784219,8.2085889,2,6,0.3264289215686274,14.669933348440615,2022-03-14,Niedersachsen
1124526273,52.9766856,8.2163484,2,6,0.4878970588235295,5.265460103599178,2022-03-14,Niedersachsen
1129381062,53.7323282,8.6546721,2,6,0.43420588235294116,11.362404404709022,2022-03-14,Niedersachsen
1129381075,53.7226808,8.6601727,2,6,0.40778783308195077,12.730727830954162,2022-03-14,Niedersachsen
1129381081,53.7420144,8.660562,2,6,0.4484509803921569,7.230801810690471,2022-03-14,Niedersachsen
1129381087,53.7254643,8.6541075,2,6,0.3187598039215686,17.735572304097545,2022-03-14,Niedersachsen
1129381135,53.7262608,8.6580955,2,6,0.5040122549019608,5.783288481314079,2022-03-14,Niedersachsen
1129381145,53.7122128,8.6611847,2,6,0.3211936274509804,8.096027921227392,2022-03-14,Niedersachsen
1129381154,53.736521,8.6576855,2,6,0.6649117647058824,12.550658745648688,2022-03-14,Niedersachsen
1129381165,53.7168322,8.6441234,2,6,0.41506127450980396,8.056959694860357,2022-03-14,Niedersachsen
1129381175,53.7180814,8.6495994,2,6,0.41656617647058825,10.504948839948023,2022-03-14,Niedersachsen
1129381188,53.7219128,8.6504707,2,6,0.4265666292815614,14.185309393991746,2022-03-14,Niedersachsen
1129381207,53.7368535,8.6611019,2,6,0.5748946078431372,10.03847486161866,2022-03-14,Niedersachsen
1129381209,53.7145846,8.6450986,2,6,0.35139460784313725,8.11087171738192,2022-03-14,Niedersachsen
1129381210,53.7408073,8.660318,2,6,0.3336544117647059,10.601292639924555,2022-03-14,Niedersachsen
1129381212,53.7274641,8.6580955,2,6,0.45427941176470593,5.032208512205524,2022-03-14,Niedersachsen
1129381227,53.7137802,8.6566693,2,6,0.5937883358471594,4.8085187979658155,2022-03-14,Niedersachsen
1129381238,53.7125771,8.656467,2,6,0.5146789215686275,7.875350425602881,2022-03-14,Niedersachsen
1129381253,53.7301958,8.6504535,2,6,0.41851960784313724,14.30941972315642,2022-03-14,Niedersachsen
1129381265,53.7173897,8.6541402,2,6,0.42553431372549017,13.577021146372418,2022-03-14,Niedersachsen
1129381267,53.739001,8.6508306,2,6,0.33212418300653596,14.255569579689023,2022-03-14,Niedersachsen
1129381270,53.7381612,8.6615751,2,6,0.5742377450980393,8.669167381910388,2022-03-14,Niedersachsen
1129381273,53.7155489,8.6438072,2,6,0.4398627450980392,8.870667912153145,2022-03-14,Niedersachsen
1129381278,53.7311722,8.6546938,2,6,0.3856385118149824,7.35244599341618,2022-03-14,Niedersachsen
1129381280,53.7211793,8.6545299,2,6,0.44689950980392157,10.248114173962204,2022-03-14,Niedersachsen
1129381295,53.7138972,8.6492241,2,6,0.343171568627451,16.558197928994215,2022-03-14,Niedersachsen
1129381302,53.7348195,8.6539364,2,6,0.19215686274509805,7.47894278113327,2022-03-14,Niedersachsen
1129381309,53.7154739,8.648983,2,6,0.32800000000000007,29.382789928442094,2022-03-14,Niedersachsen
1129381312,53.7181108,8.6444705,2,6,0.5052475490196078,14.166243787854413,2022-03-14,Niedersachsen
1129381315,53.7327855,8.6504165,2,6,0.4091323529411764,17.627458985375426,2022-03-14,Niedersachsen
1129381323,53.7295665,8.6530725,2,6,0.4167401960784314,8.13636217390924,2022-03-14,Niedersachsen
1129381330,53.7400638,8.6523687,2,6,0.474656862745098,10.54464153939528,2022-03-14,Niedersachsen
1129381337,53.7309667,8.6593259,2,6,0.6404411764705882,7.199692950429431,2022-03-14,Niedersachsen
1129381338,53.7162351,8.6608169,2,6,0.27905147058823526,5.838592015799456,2022-03-14,Niedersachsen
1129381344,53.7404006,8.656347,2,6,0.5200073529411765,14.076483999727058,2022-03-14,Niedersachsen
1129381349,53.723867,8.6599411,2,6,0.3322205882352941,20.460963637645097,2022-03-14,Niedersachsen
1129381355,53.7367572,8.6496918,2,6,0.42383823529411757,15.458797609504856,2022-03-14,Niedersachsen
1129381358,53.7423161,8.6534853,2,6,0.2113357843137255,13.019243401722138,2022-03-14,Niedersachsen
1129381360,53.7130714,8.6459826,2,6,0.40744117647058825,7.280443933768064,2022-03-14,Niedersachsen
1129381370,53.7193642,8.6498827,2,6,0.48096568627450975,10.827236180894856,2022-03-14,Niedersachsen
1129381374,53.7314425,8.6503943,2,6,0.3990220588235294,12.618210160886992,2022-03-14,Niedersachsen
1129381378,53.7335741,8.6537239,2,6,0.3701813725490196,10.693408901338225,2022-03-14,Niedersachsen
1129381385,53.7168196,8.6493231,2,6,0.39957598039215686,18.767237240216165,2022-03-14,Niedersachsen
1129381396,53.7295665,8.6581896,2,6,0.443279411764706,29.702648969702302,2022-03-14,Niedersachsen
1129381398,53.7135152,8.6611136,2,6,0.3158112745098039,7.6668731103745404,2022-03-14,Niedersachsen
1129381405,53.712738,8.6503075,2,6,0.2657132352941176,4.590934029349202,2022-03-14,Niedersachsen
1129381413,53.7267404,8.6528626,2,6,0.3854191176470589,6.06328089465396,2022-03-14,Niedersachsen
1129381415,53.7174986,8.6607083,2,6,0.4585245098039216,11.621429740077568,2022-03-14,Niedersachsen
1129381417,53.7147696,8.6538852,2,6,0.42412016088486676,15.447238072634443,2022-03-14,Niedersachsen
1129381420,53.7412403,8.6525462,2,6,0.2122230392156863,13.854010201826782,2022-03-14,Niedersachsen
1129381431,53.7251089,8.6598977,2,6,0.3281593137254902,19.304358138503726,2022-03-14,Niedersachsen
1129381434,53.7186641,8.6542678,2,6,0.4585588235294118,10.563683996896524,2022-03-14,Niedersachsen
1129381439,53.7377589,8.6508602,2,6,0.41295833333333337,13.385845985218232,2022-03-14,Niedersachsen
1129381449,53.7206008,8.6501873,2,6,0.5265906862745099,14.225637854200317,2022-03-14,Niedersachsen
1129381484,53.7362717,8.6537515,2,6,0.08424264705882353,16.728778121996193,2022-03-14,Niedersachsen
1129381504,53.7199385,8.6544094,2,6,0.514328431372549,8.749093055184012,2022-03-14,Niedersachsen
1142202875,53.5981461,8.0670857,2,6,0.3974754901960784,14.26247711377458,2022-03-14,Niedersachsen
1142203436,53.600001,8.0669985,2,6,0.48198774509803927,10.72948087930649,2022-03-14,Niedersachsen
1145825160,53.6392626,8.5764174,2,6,0.5273946078431372,13.258105815198288,2022-03-14,Niedersachsen
1145825162,53.6439627,8.5703442,2,6,0.3572401960784314,13.4408187988093,2022-03-14,Niedersachsen
1145825164,53.6443636,8.5649926,2,6,0.38134558823529413,11.69710525275664,2022-03-14,Niedersachsen
1145825167,53.6407377,8.576351,2,6,0.5577990196078431,16.353262787134685,2022-03-14,Niedersachsen
1145825171,53.6411081,8.5685723,2,6,0.47282843137254904,9.462497804105892,2022-03-14,Niedersachsen
1145825188,53.6424577,8.5693089,2,6,0.3248946078431373,9.735118449501899,2022-03-14,Niedersachsen
1145825190,53.6420486,8.5761011,2,6,0.40487990196078427,10.279407461449686,2022-03-14,Niedersachsen
1208075240,53.6782554,7.4349111,2,6,0.46791176470588247,9.030045975729811,2022-03-14,Niedersachsen
1209661448,53.5789414,7.4763,2,6,0.41406372549019604,22.764075446582662,2022-03-14,Niedersachsen
1209661450,53.5854412,7.4734216,2,6,0.4293602941176471,12.171220496334083,2022-03-14,Niedersachsen
1209661454,53.5833144,7.4743719,2,6,0.3783651960784314,10.055220069708945,2022-03-14,Niedersachsen
1209661466,53.5811106,7.4753482,2,6,0.462875,8.233877659997892,2022-03-14,Niedersachsen
1209881784,53.4253846,8.4586589,2,6,0.33349999999999996,5.932097393219605,2022-03-14,Niedersachsen
1209881788,53.4570236,8.4129331,2,6,0.38948039215686275,8.083902106482817,2022-03-14,Niedersachsen
1209881808,53.4628493,8.4131476,2,6,0.4128357843137254,11.237323927097473,2022-03-14,Niedersachsen
1209881821,53.4228876,8.4626429,2,6,0.23902205882352942,18.852986488402344,2022-03-14,Niedersachsen
1209881822,53.4546599,8.4128043,2,6,0.3523039215686275,10.134077726377006,2022-03-14,Niedersachsen
1209881827,53.4651104,8.4132764,2,6,0.4253088235294117,11.273378426471636,2022-03-14,Niedersachsen
1209881835,53.460537,8.4130833,2,6,0.312156862745098,21.759309581387278,2022-03-14,Niedersachsen
1275729689,53.6393995,7.8402742,2,6,0.4200441176470588,5.185774888897382,2022-03-14,Niedersachsen
1276678138,53.4922119,7.4535299,2,6,0.35535193564605333,7.847161909373582,2022-03-14,Niedersachsen
1344217294,53.6493563,7.7195791,2,6,0.38449509803921567,11.233096307325667,2022-03-14,Niedersachsen
1384446335,52.5707098,9.1430357,2,6,0.4575612745098039,20.039907891658586,2022-03-14,Niedersachsen
1384446375,52.5686742,9.1455705,2,6,0.34719852941176477,9.152954710829706,2022-03-14,Niedersachsen
1384446397,52.5648983,9.1445426,2,6,0.400921568627451,32.286557448061856,2022-03-14,Niedersachsen
1384446402,52.5702354,9.1473251,2,6,0.3257107843137255,10.42399763066701,2022-03-14,Niedersachsen
1396913887,52.6685138,8.9392042,2,6,0.47205637254901966,8.059648541850466,2022-03-14,Niedersachsen
1417076616,52.6654883,9.1045172,2,6,0.46714460784313727,18.592596105510943,2022-03-14,Niedersachsen
1417076619,52.66725,9.1050582,2,6,0.49743137254901953,5.859102625800944,2022-03-14,Niedersachsen
1423987421,52.9022708,7.6947113,2,6,0.4519166666666667,18.398546626493935,2022-03-14,Niedersachsen
1423987429,52.903322,7.6933115,2,6,0.5504142156862746,10.904036070995522,2022-03-14,Niedersachsen
1423987432,52.9049522,7.693009,2,6,0.5080833333333334,9.107678247270176,2022-03-14,Niedersachsen
1459327807,53.7836569,9.2794552,2,6,0.46384068627450975,11.863808887969045,2022-03-14,Niedersachsen
1459327867,53.794063,9.2865622,2,6,0.37411764705882355,14.177714086920226,2022-03-14,Niedersachsen
1459327888,53.795793,9.2882322,2,6,0.3143039215686274,11.868236729349954,2022-03-14,Niedersachsen
1459327894,53.7966499,9.2818974,2,6,0.3125523713759008,10.649925495795939,2022-03-14,Niedersachsen
1490154431,53.6143591,7.4138223,2,6,0.3422352941176471,16.089291361618262,2022-03-14,Niedersachsen
1532861774,52.5476424,6.9862791,2,6,0.4760710784313725,14.52348169631469,2022-03-14,Niedersachsen
1532861778,52.5479775,6.9830521,2,6,0.6578872549019609,14.288852573908105,2022-03-14,Niedersachsen
1532861783,52.5514513,6.9841939,2,6,0.5061127450980393,15.362495154411523,2022-03-14,Niedersachsen
1532861787,52.5527166,6.9886729,2,6,0.4531421568627451,7.499042599309345,2022-03-14,Niedersachsen
1532864001,52.5481496,6.9893515,2,6,0.552281862745098,19.98067163680188,2022-03-14,Niedersachsen
1610707482,52.58322,6.7550782,2,6,0.3936666666666666,7.745754436135902,2022-03-14,Niedersachsen
1610707483,52.5839624,6.7693909,2,6,0.40491666666666665,6.24200448034413,2022-03-14,Niedersachsen
1610707487,52.5846688,6.7499005,2,6,0.4365514705882353,11.217342354817129,2022-03-14,Niedersachsen
1610707504,52.5873611,6.7698652,2,6,0.44357107843137256,8.214507990058687,2022-03-14,Niedersachsen
1610707505,52.5833797,6.7619766,2,6,0.5222377450980392,9.724069049554014,2022-03-14,Niedersachsen
1611182347,52.6401675,6.8021694,2,6,0.5195024509803922,18.957897490939292,2022-03-14,Niedersachsen
1611182381,52.6469416,6.8115664,2,6,0.5772573529411765,8.243652209203225,2022-03-14,Niedersachsen
1834162911,52.5436212,9.1336928,2,6,0.2579313725490196,20.655739003467943,2022-03-14,Niedersachsen
1843128348,52.3286889,9.5338626,2,6,0.34840196078431374,31.862127389525146,2022-03-14,Niedersachsen
1863500756,52.5719751,9.1485506,2,6,0.5596838235294117,12.82160472620629,2022-03-14,Niedersachsen
1869062511,52.5560027,9.0594889,2,6,0.4483529411764706,24.624679690778063,2022-03-14,Niedersachsen
1869062518,52.557514,9.0636336,2,6,0.5589894419306184,25.38615062576456,2022-03-14,Niedersachsen
1895023755,53.4249415,8.030179,2,6,0.6055196078431372,11.929674779933855,2022-03-14,Niedersachsen
1895023763,53.425803,8.0359477,2,6,0.5797352941176471,6.809410409539291,2022-03-14,Niedersachsen
1895023767,53.4284014,8.0283532,2,6,0.6569142156862745,7.052520877445873,2022-03-14,Niedersachsen
1895023790,53.4308545,8.0268122,2,6,0.582438725490196,10.548405935457003,2022-03-14,Niedersachsen
1895023812,53.4282315,8.0369021,2,6,0.620531862745098,12.5712031867985,2022-03-14,Niedersachsen
1895023820,53.4302592,8.0344807,2,6,0.46997303921568634,12.498666898564728,2022-03-14,Niedersachsen
1895023827,53.4313544,8.040059,2,6,0.48456372549019605,9.728671919021508,2022-03-14,Niedersachsen
1895023833,53.4321976,8.0367208,2,6,0.5131127450980392,16.900405473943998,2022-03-14,Niedersachsen
1895023862,53.4324901,8.0319519,2,6,0.513406862745098,10.355737065827737,2022-03-14,Niedersachsen
1895023869,53.4344901,8.0344555,2,6,0.4131887254901961,16.520235085121634,2022-03-14,Niedersachsen
1895023878,53.4350613,8.0302391,2,6,0.5623161764705882,8.45858497919444,2022-03-14,Niedersachsen
1895023885,53.4369799,8.0327067,2,6,0.6553897058823529,9.594670056687262,2022-03-14,Niedersachsen
1902174511,53.5851486,7.8130754,2,6,0.4324436274509804,9.806020716701571,2022-03-14,Niedersachsen
1902174546,53.588022,7.8081265,2,6,0.41378921568627447,16.362750106296414,2022-03-14,Niedersachsen
1932861039,53.3985431,8.4034789,2,6,0.32644852941176467,4.87657166607356,2022-03-14,Niedersachsen
1932861040,53.3976254,8.4086794,2,6,0.4792450980392156,9.540364997736502,2022-03-14,Niedersachsen
1932861041,53.3935605,8.4020287,2,6,0.30847794117647065,6.7689532818864135,2022-03-14,Niedersachsen
1932861042,53.3970185,8.4002067,2,6,0.29674754901960787,14.417333486044283,2022-03-14,Niedersachsen
1949598773,53.0663742,9.1043505,2,6,0.3886936274509804,12.75332258337287,2022-03-14,Niedersachsen
2040843079,52.9018068,7.6765268,2,6,0.43063480392156867,16.47801138927944,2022-03-14,Niedersachsen
2040843106,52.9215497,7.3882166,2,6,0.33897058823529413,21.62382542998445,2022-03-14,Niedersachsen
2040843130,52.9231819,7.3871759,2,6,0.39667892156862744,20.79798825885113,2022-03-14,Niedersachsen
2040843137,52.9246653,7.3883489,2,6,0.4486348039215687,7.920608846165229,2022-03-14,Niedersachsen
2053954261,52.8982343,7.7094301,2,6,0.4658676470588236,18.258358489156663,2022-03-14,Niedersachsen
2053954282,52.8987943,7.7122303,2,6,0.5353553921568628,11.568903642491321,2022-03-14,Niedersachsen
2053954285,52.8964093,7.7061953,2,6,0.6246200980392156,11.686337871012796,2022-03-14,Niedersachsen
2053954292,52.8966003,7.7153309,2,6,0.6635000000000001,12.315177914077411,2022-03-14,Niedersachsen
2064683584,53.6870617,8.6467035,2,6,0.3306789215686275,8.249936396496318,2022-03-14,Niedersachsen
2064683589,53.6875941,8.6555604,2,6,0.4768897058823529,12.780166411583156,2022-03-14,Niedersachsen
2064683593,53.688506,8.6388318,2,6,0.31167401960784313,8.383888883847375,2022-03-14,Niedersachsen
2064683604,53.6895142,8.6431455,2,6,0.29358823529411765,8.45682988544961,2022-03-14,Niedersachsen
2064683616,53.6903807,8.6511416,2,6,0.3067119155354449,10.272621003154223,2022-03-14,Niedersachsen
2064683621,53.690511,8.6556752,2,6,0.4213259803921568,8.17589950890666,2022-03-14,Niedersachsen
2077863104,53.5017499,8.6747743,2,6,0.25284558823529407,17.860392311047608,2022-03-14,Niedersachsen
2077863105,53.504557,8.6723925,2,6,0.24157114127702353,9.818818825045575,2022-03-14,Niedersachsen
2077863106,53.504072,8.6766625,2,6,0.24029166666666668,10.122820022757736,2022-03-14,Niedersachsen
2078511313,52.8967095,9.1133773,2,6,0.5006985294117647,8.60985137086999,2022-03-14,Niedersachsen
2078511320,52.8981263,9.1118408,2,6,0.45665931372549023,20.93074975875742,2022-03-14,Niedersachsen
2081051925,53.8197364,9.0721762,2,6,0.5981372549019608,20.697454926111163,2022-03-14,Niedersachsen
2122783073,53.390067,8.4032209,2,6,0.32102450980392155,10.899349936943478,2022-03-14,Niedersachsen
2122783091,53.3908374,8.4097111,2,6,0.30699264705882356,12.084842993730218,2022-03-14,Niedersachsen
2130794103,53.2407433,8.7372457,2,6,0.398593137254902,14.279125179553237,2022-03-14,Niedersachsen
2130794105,53.2425435,8.7403154,2,6,0.25729411764705884,8.644072672618595,2022-03-14,Niedersachsen
2130794108,53.2420224,8.7436842,2,6,0.30539950980392155,9.39239125304681,2022-03-14,Niedersachsen
2136118598,53.7231768,8.6508216,2,6,0.39076225490196076,8.65309116355057,2022-03-14,Niedersachsen
2136528919,52.4421728,7.5483715,2,6,0.5540749120160885,7.056519098692021,2022-03-14,Niedersachsen
2136528924,52.4425957,7.5557291,2,6,0.5047475490196078,26.028028811118403,2022-03-14,Niedersachsen
2159573734,52.6535135,9.1190197,2,6,0.32511519607843137,11.908434019947844,2022-03-14,Niedersachsen
2169173146,53.3747401,8.1782155,2,6,0.6815661764705883,14.403392089040128,2022-03-14,Niedersachsen
2169173229,53.3770247,8.1769817,2,6,0.512953431372549,18.16103099434105,2022-03-14,Niedersachsen
2188592388,53.0056451,10.4900931,2,6,0.36638725490196083,16.80728072951091,2022-03-14,Niedersachsen
2212860672,53.8157016,9.0709656,2,6,0.6071985294117647,14.659334259570223,2022-03-14,Niedersachsen
2229048089,52.3822318,10.9691449,2,6,0.326625,13.273732524462277,2022-03-14,Niedersachsen
2254884234,53.3821396,8.2963844,2,6,0.4390710784313725,15.353051412951675,2022-03-14,Niedersachsen
2254884697,53.380308,8.2972992,2,6,0.5700416666666666,8.336666552421889,2022-03-14,Niedersachsen
2268474054,53.2877662,8.5639529,2,6,0.3793725490196078,7.818784657916294,2022-03-14,Niedersachsen
2277532256,53.38126,7.3833156,2,6,0.5118823529411765,11.573257435293002,2022-03-14,Niedersachsen
2277532280,53.3943857,7.3891814,2,6,0.33868024132730007,10.510211966043189,2022-03-14,Niedersachsen
2277532285,53.3834487,7.3869419,2,6,0.4652426470588235,7.872430833120395,2022-03-14,Niedersachsen
2277532290,53.3773482,7.3762919,2,6,0.5739607843137254,5.017219993995595,2022-03-14,Niedersachsen
2277532322,53.3866493,7.3868735,2,6,0.29246568627450975,11.993763369293228,2022-03-14,Niedersachsen
2277532327,53.3840595,7.3817472,2,6,0.5991887254901961,8.393609649103094,2022-03-14,Niedersachsen
2277532332,53.3919171,7.385701,2,6,0.5720735294117647,9.114130664658818,2022-03-14,Niedersachsen
2292501562,53.4280925,8.033709,2,6,0.5741274509803922,11.430649664308742,2022-03-14,Niedersachsen
2320832577,53.3573773,7.3852006,2,6,0.5142794117647058,9.780336440472283,2022-03-14,Niedersachsen
2322408098,53.5002985,7.4904679,2,6,0.16523629964806436,13.368042026955955,2022-03-14,Niedersachsen
2328408362,53.6286049,7.4174028,2,6,0.2910808823529412,36.98500686650531,2022-03-14,Niedersachsen
2332316905,53.6181306,7.474293,2,6,0.5818014705882353,7.3869804031617905,2022-03-14,Niedersachsen
2332316922,53.6175005,7.4789062,2,6,0.5025759803921569,7.262848837257224,2022-03-14,Niedersachsen
2332316978,53.6223643,7.47645,2,6,0.42347058823529415,10.579527329413251,2022-03-14,Niedersachsen
2332316982,53.6281653,7.466749,2,6,0.4682352941176471,19.569360650356128,2022-03-14,Niedersachsen
2332316985,53.6237291,7.4659615,2,6,0.4926446078431372,8.431106107142087,2022-03-14,Niedersachsen
2332316989,53.628586,7.4616962,2,6,0.4776740196078432,16.406613106736934,2022-03-14,Niedersachsen
2332316991,53.6206,7.4835487,2,6,0.48767892156862747,10.61432469260254,2022-03-14,Niedersachsen
2332316996,53.6362785,7.4533926,2,6,0.5391446078431372,25.545582293074272,2022-03-14,Niedersachsen
2332316997,53.6305308,7.4736269,2,6,0.6301470588235294,7.443280939587244,2022-03-14,Niedersachsen
2332316998,53.6197775,7.4793627,2,6,0.667186274509804,8.765598145405193,2022-03-14,Niedersachsen
2332316999,53.6318267,7.4590281,2,6,0.49737745098039216,10.987345160380903,2022-03-14,Niedersachsen
2333076896,53.591947,7.8327174,2,6,0.5504485294117646,9.059971871749429,2022-03-14,Niedersachsen
2424866051,53.5960447,7.8482564,2,6,0.6890563725490196,7.054498497988952,2022-03-14,Niedersachsen
2428572814,53.6116524,7.756948,2,6,0.5360269607843138,13.697352884825325,2022-03-14,Niedersachsen
2442343999,53.5856669,7.4681249,2,6,0.4865955882352941,7.697427262226665,2022-03-14,Niedersachsen
2468521996,53.6376164,7.8052086,2,6,0.532671568627451,15.67611673637688,2022-03-14,Niedersachsen
2477041100,52.9796058,8.2283998,2,6,0.37015441176470587,23.576787132167198,2022-03-14,Niedersachsen
2633645903,53.5904931,7.9333117,2,6,0.42759068627450986,10.037854168011876,2022-03-14,Niedersachsen
2633645904,53.5913913,7.9224673,2,6,0.47765441176470597,14.324736380145795,2022-03-14,Niedersachsen
2633645906,53.5932531,7.9189964,2,6,0.5542426470588235,7.686830456134867,2022-03-14,Niedersachsen
2639475553,53.6310854,7.6774182,2,6,0.6437933634992458,7.558438738387537,2022-03-14,Niedersachsen
2639533211,53.6275585,7.6941377,2,6,0.5656495098039216,7.675171410573782,2022-03-14,Niedersachsen
2639533212,53.6336819,7.677575,2,6,0.5847916666666666,10.86138527764496,2022-03-14,Niedersachsen
2639533213,53.6368156,7.6831649,2,6,0.6363298139768728,15.978176824863361,2022-03-14,Niedersachsen
2639533214,53.6394409,7.6833451,2,6,0.44408245349421827,11.379785010636859,2022-03-14,Niedersachsen
2639533215,53.6421435,7.6933585,2,6,0.5530759803921569,10.388813045050032,2022-03-14,Niedersachsen
2639533216,53.6443853,7.6935316,2,6,0.5610735294117646,6.5491632407979115,2022-03-14,Niedersachsen
2639533222,53.6390392,7.704123,2,6,0.6831421568627452,14.653885223308444,2022-03-14,Niedersachsen
2639533228,53.6367688,7.7034773,2,6,0.502406862745098,9.036093968581174,2022-03-14,Niedersachsen
2639533241,53.6313774,7.6947663,2,6,0.41924509803921567,6.572742113995287,2022-03-14,Niedersachsen
2641911571,53.6368731,7.7964487,2,6,0.4981764705882353,5.764855656499659,2022-03-14,Niedersachsen
2698327353,52.6641277,9.1081511,2,6,0.3425857843137255,31.630088880792627,2022-03-14,Niedersachsen
2733880945,53.2499338,8.738969,2,6,0.4589583333333333,16.33213420426699,2022-03-14,Niedersachsen
2770101159,53.1881519,8.2636714,2,6,0.5145269607843137,7.303487093528837,2022-03-14,Niedersachsen
2770101162,53.1921986,8.2629686,2,6,0.6012573529411765,18.5018488787411,2022-03-14,Niedersachsen
2770101164,53.1911734,8.2682312,2,6,0.5484975490196078,11.129709417976791,2022-03-14,Niedersachsen
2770101166,53.1892,8.272147,2,6,0.5485343137254902,17.239504774689394,2022-03-14,Niedersachsen
2906345512,53.6327742,7.5051792,2,6,0.4817303921568627,15.521582427474538,2022-03-14,Niedersachsen
2978025799,53.6368971,7.5022892,2,6,0.47811519607843145,12.170718599943505,2022-03-14,Niedersachsen
2978025800,53.6397266,7.4958631,2,6,0.4403137254901961,15.238583904849337,2022-03-14,Niedersachsen
3157741037,53.5886801,7.9061831,2,6,0.5499387254901961,12.200938429598363,2022-03-14,Niedersachsen
3405118859,53.0198629,7.9227911,2,6,0.45917892156862744,11.213793190430621,2022-03-14,Niedersachsen
3405118860,53.0195476,7.9132583,2,6,0.3565759803921569,8.381588246302194,2022-03-14,Niedersachsen
3405118861,53.0221887,7.9207973,2,6,0.5290000000000001,13.436033415903474,2022-03-14,Niedersachsen
3405118862,53.0227009,7.9275803,2,6,0.4313186274509804,8.250633420142874,2022-03-14,Niedersachsen
3405118863,53.0234721,7.9164879,2,6,0.5002664655605832,14.164164520615394,2022-03-14,Niedersachsen
3405118864,53.024611,7.9340658,2,6,0.3399396681749623,6.6231403954875105,2022-03-14,Niedersachsen
3405118865,53.0253442,7.9229811,2,6,0.4067720588235294,20.525619940954044,2022-03-14,Niedersachsen
3405118866,53.0259471,7.9296079,2,6,0.389828431372549,9.817572186914179,2022-03-14,Niedersachsen
3405118867,53.0279237,7.9212436,2,6,0.43567156862745104,12.317891624227197,2022-03-14,Niedersachsen
3405118868,53.0289496,7.9296768,2,6,0.4363348416289593,10.15537952428867,2022-03-14,Niedersachsen
3405118870,53.0309762,7.9240414,2,6,0.40611274509803924,9.135629922206412,2022-03-14,Niedersachsen
3405118871,53.0310802,7.9357526,2,6,0.46832598039215684,19.751010669419028,2022-03-14,Niedersachsen
3405118872,53.033094,7.9304925,2,6,0.4845563725490197,9.255315991490948,2022-03-14,Niedersachsen
3405118873,53.0344571,7.9377018,2,6,0.49491421568627453,15.463021475241954,2022-03-14,Niedersachsen
3405118874,53.0363373,7.9326783,2,6,0.4951887254901961,11.98927548975663,2022-03-14,Niedersachsen
3405118875,53.0370372,7.9273521,2,6,0.42107088989441926,6.473539375063094,2022-03-14,Niedersachsen
3405717545,52.4098822,8.1549828,2,6,0.33648529411764705,6.04986358121512,2022-03-14,Niedersachsen
3502864033,52.5505357,6.9768008,2,6,0.3891495098039216,13.190721123425504,2022-03-14,Niedersachsen
3502864034,52.5520945,6.981278,2,6,0.5234215686274509,10.059174665739585,2022-03-14,Niedersachsen
3502864035,52.5533533,6.9856694,2,6,0.3733039215686274,10.998706891149292,2022-03-14,Niedersachsen
3502864036,52.5539027,6.9790158,2,6,0.3662769607843137,13.614278661327807,2022-03-14,Niedersachsen
3502864037,52.5553494,6.9869134,2,6,0.21787990196078433,14.266418635309153,2022-03-14,Niedersachsen
3559359809,53.4678522,7.2982238,2,6,0.37682598039215687,14.57543415644344,2022-03-14,Niedersachsen
3604993617,53.3368528,7.1422464,2,6,0.3615563725490196,10.278744041394127,2022-03-14,Niedersachsen
3655269942,53.6166735,7.4716709,2,6,0.5720588235294117,10.108013545351456,2022-03-14,Niedersachsen
3655269960,53.6218271,7.4797042,2,6,0.46396078431372545,12.475193323492986,2022-03-14,Niedersachsen
3693813117,53.6216312,7.4167476,2,6,0.15213480392156864,8.999842624325526,2022-03-14,Niedersachsen
3693815041,53.6028981,7.4140377,2,6,0.27955637254901966,9.1164634221589,2022-03-14,Niedersachsen
3693815043,53.605403,7.4122735,2,6,0.22446813725490194,13.471538308585256,2022-03-14,Niedersachsen
3860752408,52.5474967,10.154347,2,6,0.5444828431372549,8.87472863941245,2022-03-14,Niedersachsen
3927517633,53.6167259,7.7617632,2,6,0.5392769607843138,7.78725002175247,2022-03-14,Niedersachsen
3927517634,53.6139351,7.7736131,2,6,0.4816465560583208,18.684510388028286,2022-03-14,Niedersachsen
4321595152,53.642059,7.4897347,2,6,0.5655098039215686,10.430913379535191,2022-03-14,Niedersachsen
4351429683,53.5907877,7.8081763,2,6,0.6056102941176471,20.169140768246475,2022-03-14,Niedersachsen
4351429684,53.590801,7.8202676,2,6,0.6252254901960783,8.469530484597902,2022-03-14,Niedersachsen
4351429685,53.5897406,7.8159189,2,6,0.4811200980392157,22.339944890502004,2022-03-14,Niedersachsen
4351429686,53.5926902,7.8148139,2,6,0.6032818627450981,9.412301693125537,2022-03-14,Niedersachsen
4351429687,53.5939166,7.8095723,2,6,0.6236862745098039,4.313470742083944,2022-03-14,Niedersachsen
4375404203,52.8047692,7.5167965,2,6,0.6157566616390148,13.851165851373583,2022-03-14,Niedersachsen
4437486202,53.6363853,7.4639925,2,6,0.49957843137254904,8.895095416807282,2022-03-14,Niedersachsen
4437486213,53.6394588,7.4594606,2,6,0.42997058823529416,12.894859065835629,2022-03-14,Niedersachsen
4437486215,53.6395775,7.4643292,2,6,0.4661691176470588,9.414606561732832,2022-03-14,Niedersachsen
4437508597,53.2445129,8.7389578,2,6,0.2818897058823529,12.492220791821282,2022-03-14,Niedersachsen
4437508600,53.2446862,8.7434035,2,6,0.32584558823529414,7.829051231526014,2022-03-14,Niedersachsen
4437508605,53.2465544,8.7420866,2,6,0.7911862745098039,1.2675961214618965,2022-03-14,Niedersachsen
4472448134,51.9601397,9.3524065,2,6,0.2650686274509804,11.72211718680194,2022-03-14,Niedersachsen
4563245950,53.5899097,7.9092064,2,6,0.6278848039215686,10.516944384083068,2022-03-14,Niedersachsen
4743922796,52.477098,8.4081391,2,6,0.27416666666666667,7.602030656847235,2022-03-14,Niedersachsen
5000794488,53.6304921,7.4529152,2,6,0.331953431372549,9.950293307887708,2022-03-14,Niedersachsen
5000794489,53.6269148,7.4570083,2,6,0.3715808823529412,11.734652665380807,2022-03-14,Niedersachsen
5000794490,53.6262404,7.4635636,2,6,0.4066943187531422,14.155753539645875,2022-03-14,Niedersachsen
5000794491,53.6254228,7.4684989,2,6,0.514968137254902,13.614685103884696,2022-03-14,Niedersachsen
5023481116,53.3766406,9.3862402,2,6,0.3231789215686275,7.1539031797892845,2022-03-14,Niedersachsen
5110075608,53.3437928,7.1489668,2,6,0.42277205882352936,15.559299178649896,2022-03-14,Niedersachsen
5110075609,53.3417382,7.1539181,2,6,0.36010539215686277,16.506914897476584,2022-03-14,Niedersachsen
5110075610,53.340393,7.1589902,2,6,0.2417549019607843,25.84677789742935,2022-03-14,Niedersachsen
5130722994,53.6079376,7.4232535,2,6,0.21650735294117648,13.140977721884262,2022-03-14,Niedersachsen
5130722995,53.6101114,7.4231556,2,6,0.2168995098039216,10.938140332963929,2022-03-14,Niedersachsen
5191338736,53.6175587,7.4925417,2,6,0.4084534313725491,19.607532567273843,2022-03-14,Niedersachsen
5191338737,53.6204601,7.4962765,2,6,0.4447083333333333,14.365394816071667,2022-03-14,Niedersachsen
5191338738,53.619717,7.489628,2,6,0.5385882352941177,11.697116767650943,2022-03-14,Niedersachsen
5387877979,52.7717726,7.5132002,2,6,0.2939338235294118,6.816551185135024,2022-03-14,Niedersachsen
5429242700,52.7224031,7.5301339,2,6,0.3266838235294118,16.450946300338884,2022-03-14,Niedersachsen
5430300882,53.388339,7.3809026,2,6,0.5690906862745099,20.469852752063275,2022-03-14,Niedersachsen
5430300883,53.3734907,7.3790893,2,6,0.684578431372549,12.494633692524298,2022-03-14,Niedersachsen
5432307322,52.6503265,9.1173751,2,6,0.20250735294117644,14.44060713428356,2022-03-14,Niedersachsen
5432469956,53.6488285,8.7365559,2,6,0.2625906862745098,23.732671899577827,2022-03-14,Niedersachsen
5451646803,52.1379832,9.5322219,2,6,0.4294779411764706,19.16518136272794,2022-03-14,Niedersachsen
5512579519,53.1429628,9.7131097,2,6,0.3194583333333333,13.15827195991029,2022-03-14,Niedersachsen
5521794747,53.6085815,7.7649353,2,6,0.4567622549019608,9.736484865748212,2022-03-14,Niedersachsen
5521794748,53.6133203,7.7691764,2,6,0.46748039215686266,9.658746661178409,2022-03-14,Niedersachsen
5521794749,53.614726,7.7652549,2,6,0.3923259803921569,7.058627935528228,2022-03-14,Niedersachsen
5521794750,53.5878638,7.8122486,2,6,0.43357598039215695,11.207185587001376,2022-03-14,Niedersachsen
5521794751,53.5978334,7.9011735,2,6,0.5639093137254902,12.779851304637083,2022-03-14,Niedersachsen
5521794752,53.6017935,7.9044455,2,6,0.6014117647058823,20.971453151376135,2022-03-14,Niedersachsen
5915849746,53.2473586,8.7330016,2,6,0.5970588235294118,7.1869679734165395,2022-03-14,Niedersachsen
6106777372,53.6092078,8.0611537,2,6,0.47385539215686273,11.141894876451715,2022-03-14,Niedersachsen
6157107741,53.0156131,8.1157386,2,6,0.48162499999999986,11.45485852820725,2022-03-14,Niedersachsen
6157107742,53.0125666,8.1164898,2,6,0.4482867647058823,8.298174142554037,2022-03-14,Niedersachsen
6157107747,53.0091197,8.1139262,2,6,0.536843137254902,9.728044509499998,2022-03-14,Niedersachsen
6157158311,53.0072881,8.1020899,2,6,0.5610686274509804,8.073549519981814,2022-03-14,Niedersachsen
6157158312,53.0051298,8.1058128,2,6,0.556203431372549,10.65719917859175,2022-03-14,Niedersachsen
6157158313,53.0046192,8.1121065,2,6,0.5217303921568627,8.353893050538282,2022-03-14,Niedersachsen
6188980229,52.5042581,7.7147153,2,6,0.44373039215686266,9.777570197252423,2022-03-14,Niedersachsen
6188980231,52.5053924,7.7224656,2,6,0.520154411764706,6.151753929150871,2022-03-14,Niedersachsen
6188980232,52.5033377,7.7268236,2,6,0.339640522875817,15.846271988253617,2022-03-14,Niedersachsen
6188980233,52.5073623,7.72784,2,6,0.3679828431372549,16.39246958617537,2022-03-14,Niedersachsen
6290325265,52.5066029,7.6191829,2,6,0.4740416666666667,15.51690584654124,2022-03-14,Niedersachsen
6290348428,52.4514466,7.5698639,2,6,0.5485710784313725,19.624380304888025,2022-03-14,Niedersachsen
6593218838,53.4254889,7.2186526,2,6,0.21742156862745096,12.890347327058059,2022-03-14,Niedersachsen
6593218839,53.4258402,7.2116105,2,6,0.20923284313725488,6.44301955966046,2022-03-14,Niedersachsen
6593267145,53.439359,7.1593737,2,6,0.3889926470588235,13.548702093190332,2022-03-14,Niedersachsen
6593267150,53.4298175,7.1615998,2,6,0.520828431372549,4.195200394401039,2022-03-14,Niedersachsen
6657843030,52.8715599,7.6484692,2,6,0.4823799019607843,15.5101857248805,2022-03-14,Niedersachsen
6657843031,52.8688966,7.6478013,2,6,0.5444779411764706,15.76643210248748,2022-03-14,Niedersachsen
6657843032,52.8700477,7.6410341,2,6,0.5714680744092508,9.441371081306382,2022-03-14,Niedersachsen
6657843033,52.8713802,7.6377699,2,6,0.5814142156862745,8.226509511434552,2022-03-14,Niedersachsen
6657843034,52.8650025,7.63468,2,6,0.4288088235294118,19.371636099298122,2022-03-14,Niedersachsen
6657843035,52.8674701,7.6333415,2,6,0.5918578431372549,10.576084710605253,2022-03-14,Niedersachsen
6660103436,52.6396586,6.8082082,2,6,0.437918552036199,9.386071647577673,2022-03-14,Niedersachsen
6660103437,52.643275,6.8089002,2,6,0.45222058823529415,13.264025739189416,2022-03-14,Niedersachsen
6660103463,52.6439065,6.8031228,2,6,0.631406862745098,11.61457268765929,2022-03-14,Niedersachsen
6660103468,52.6477231,6.8056125,2,6,0.5346740196078431,15.08733091009471,2022-03-14,Niedersachsen
6735173312,53.6711379,7.7388382,2,6,0.4826911764705883,10.341791961755996,2022-03-14,Niedersachsen
6735173313,53.6724217,7.74858,2,6,0.5225367647058823,16.08461958637275,2022-03-14,Niedersachsen
6735173314,53.6852267,7.7310491,2,6,0.5041568627450981,12.664282500845152,2022-03-14,Niedersachsen
6735173315,53.6890451,7.7269614,2,6,0.5152916666666667,9.018515420157723,2022-03-14,Niedersachsen
6845350424,53.6119475,7.7649951,2,6,0.532718137254902,6.407139260670221,2022-03-14,Niedersachsen
6845350425,53.6134255,7.7610951,2,6,0.2879828431372549,19.998667644759724,2022-03-14,Niedersachsen
6901985743,52.874789,7.6447615,2,6,0.5388161764705882,7.719594391533586,2022-03-14,Niedersachsen
6974898741,53.6337008,7.45559,2,6,0.4136691176470588,17.885194377926307,2022-03-14,Niedersachsen
7020521218,52.9411967,7.6010364,2,6,0.27914950980392156,9.534015591701198,2022-03-14,Niedersachsen
7020521219,52.94021,7.6069847,2,6,0.3012058823529412,5.775134136573994,2022-03-14,Niedersachsen
7020537315,52.9322756,7.5827596,2,6,0.28487500000000004,7.18754061845434,2022-03-14,Niedersachsen
7020537320,52.9286371,7.5813135,2,6,0.4143382352941177,5.690759108594836,2022-03-14,Niedersachsen
7020537325,52.9259845,7.5780402,2,6,0.3609117647058823,12.686157110807995,2022-03-14,Niedersachsen
7020537326,52.9273452,7.5729281,2,6,0.4166666666666667,7.944707181855223,2022-03-14,Niedersachsen
7020537336,52.9237642,7.5695645,2,6,0.2697794117647059,23.05284342130523,2022-03-14,Niedersachsen
7020537340,52.9203563,7.5677703,2,6,0.38718137254901963,17.49855401885708,2022-03-14,Niedersachsen
7020629856,52.9150687,7.5837627,2,6,0.2660318627450981,12.116607959862508,2022-03-14,Niedersachsen
7020637380,52.9260959,7.5964292,2,6,0.35140196078431374,9.682886274313686,2022-03-14,Niedersachsen
7020661290,52.9360854,7.6127396,2,6,0.2201935646053293,8.936694922228337,2022-03-14,Niedersachsen
7020663486,52.9332111,7.6037129,2,6,0.3080171568627451,8.349388768098434,2022-03-14,Niedersachsen
7020663491,52.9288941,7.6070531,2,6,0.29349264705882355,8.947591360256085,2022-03-14,Niedersachsen
7020663492,52.932197,7.6109876,2,6,0.2721862745098039,13.393312096902143,2022-03-14,Niedersachsen
7152304116,52.7065086,9.9670541,2,6,0.46303676470588234,7.614343726972508,2022-03-14,Niedersachsen
7230970249,52.8105601,7.4952325,2,6,0.29306617647058825,13.271609094672494,2022-03-14,Niedersachsen
7272876574,53.3653918,7.3424428,2,6,0.48513970588235283,13.984505257910888,2022-03-14,Niedersachsen
7278519536,53.5536209,7.5078967,2,6,0.48687254901960786,24.567800704888462,2022-03-14,Niedersachsen
7278519543,53.5532846,7.5027258,2,6,0.6835024509803921,17.44661531555759,2022-03-14,Niedersachsen
7278519544,53.5503571,7.5006394,2,6,0.4991151960784314,17.29768389422285,2022-03-14,Niedersachsen
7278519550,53.5527163,7.5269622,2,6,0.5198553921568627,14.219157571819364,2022-03-14,Niedersachsen
7342532124,52.1401906,10.4228285,2,6,0.1676421568627451,12.026639532913853,2022-03-14,Niedersachsen
7342532125,52.139506,10.4160786,2,6,0.2784313725490196,18.06555303383623,2022-03-14,Niedersachsen
7480064283,52.1809751,10.4820123,2,6,0.24194362745098036,10.977243824486637,2022-03-14,Niedersachsen
7511410176,53.5412855,7.2284746,2,6,0.45751960784313733,9.542743222818958,2022-03-14,Niedersachsen
7530356264,53.6267754,7.4751035,2,6,0.44033088235294116,11.611158521867061,2022-03-14,Niedersachsen
7530356274,53.6282607,7.4716915,2,6,0.46684068627450975,19.92599055850264,2022-03-14,Niedersachsen
7530395650,53.6246592,7.4723888,2,6,0.42982598039215686,14.946614031995916,2022-03-14,Niedersachsen
7530444337,53.6276552,7.4514485,2,6,0.32145588235294115,7.449320552152459,2022-03-14,Niedersachsen
7530488390,53.6233487,7.4506035,2,6,0.4745563725490196,9.394741542025345,2022-03-14,Niedersachsen
7530488391,53.6207974,7.4488706,2,6,0.32069607843137254,12.261314199540381,2022-03-14,Niedersachsen
7652758448,53.6975692,7.7854483,2,6,0.5783823529411766,9.653231033541301,2022-03-14,Niedersachsen
7675119495,53.7921506,9.1374111,2,6,0.1600612745098039,13.953689881961585,2022-03-14,Niedersachsen
7675119526,53.7862341,9.1440566,2,6,0.2572622549019608,12.114544448286015,2022-03-14,Niedersachsen
7675119529,53.7823968,9.1547233,2,6,0.40060539215686275,10.217333695942768,2022-03-14,Niedersachsen
7675119531,53.7794574,9.15394,2,6,0.438328431372549,6.376046059101159,2022-03-14,Niedersachsen
7681809825,52.5284088,8.9583296,2,6,0.40519607843137256,9.055506044431922,2022-03-14,Niedersachsen
7684028318,53.4560202,9.3002454,2,6,0.3479681372549019,5.832421580893279,2022-03-14,Niedersachsen
7686110991,53.7928097,9.1440752,2,6,0.409406862745098,13.366632118626448,2022-03-14,Niedersachsen
7734594346,53.2101627,10.5335114,2,6,0.4103382352941176,9.614280889762327,2022-03-14,Niedersachsen
7755045596,53.3667432,8.9201745,2,6,0.2884558823529412,7.992100488726682,2022-03-14,Niedersachsen
7755052990,53.3912813,8.9486965,2,6,0.3286127450980392,10.352597016187094,2022-03-14,Niedersachsen
7827660704,52.6139784,7.5412844,2,6,0.31421813725490194,11.966079468623704,2022-03-14,Niedersachsen
7841673518,52.8771227,7.639647,2,6,0.484375,12.146145705266308,2022-03-14,Niedersachsen
7866176120,53.3098776,9.3990321,2,6,0.3168578431372549,10.990790384547509,2022-03-14,Niedersachsen
7866224421,53.6055877,7.9802501,2,6,0.5331397058823529,12.229267405478886,2022-03-14,Niedersachsen
7866224422,53.6077895,7.9775832,2,6,0.4960024509803922,15.050857278038832,2022-03-14,Niedersachsen
7866224423,53.6105013,7.9757706,2,6,0.5259117647058823,14.910860192801652,2022-03-14,Niedersachsen
7866224424,53.6135584,7.975175,2,6,0.5378774509803922,17.595862272458774,2022-03-14,Niedersachsen
7866671418,53.5920058,7.9268469,2,6,0.5348725490196078,12.933504979925175,2022-03-14,Niedersachsen
7866671419,53.5945656,7.9281129,2,6,0.5074730392156863,10.895776375945815,2022-03-14,Niedersachsen
7866671420,53.5920294,7.9309407,2,6,0.391375,6.825795865628293,2022-03-14,Niedersachsen
7866671421,53.588161,7.9341294,2,6,0.5359509803921568,10.84002902332894,2022-03-14,Niedersachsen
7866671422,53.5863999,7.9372899,2,6,0.5615955882352941,10.963848735496585,2022-03-14,Niedersachsen
7866671423,53.5891391,7.9404861,2,6,0.4602966314731021,12.100683671454501,2022-03-14,Niedersachsen
7868757410,52.7954487,7.0959331,2,6,0.24987500000000004,9.343016132788712,2022-03-14,Niedersachsen
7868757422,52.793411,7.0897255,2,6,0.28737990196078433,4.077116559325676,2022-03-14,Niedersachsen
7868757426,52.7867444,7.0911703,2,6,0.3443235294117647,8.38405306762155,2022-03-14,Niedersachsen
7868757459,52.7975281,7.0841341,2,6,0.2802009803921568,11.539400200241312,2022-03-14,Niedersachsen
7868766244,52.9742657,7.6487405,2,6,0.35794117647058826,11.926767880830807,2022-03-14,Niedersachsen
7868766247,52.9766608,7.6519279,2,6,0.4153774509803922,7.687132516240969,2022-03-14,Niedersachsen
7868802185,53.0237167,8.4499573,2,6,0.25193382352941174,13.75904142977423,2022-03-14,Niedersachsen
8110029404,52.5134295,7.6295692,2,6,0.30836274509803924,9.834586985351777,2022-03-14,Niedersachsen
8232984885,53.0023788,8.0774728,2,6,0.38771078431372547,10.866093150883906,2022-03-14,Niedersachsen
8327614748,53.6210003,7.4215059,2,6,0.15781617647058824,11.806071766629373,2022-03-14,Niedersachsen
8327614753,53.6311442,7.4058187,2,6,0.1686151960784314,13.62394711925941,2022-03-14,Niedersachsen
8327818758,53.6481923,7.5309036,2,6,0.5146519607843137,10.46743244806033,2022-03-14,Niedersachsen
8419093136,53.501643,7.5969584,2,6,0.5856593137254903,4.382637070853306,2022-03-14,Niedersachsen
8419093137,53.4974102,7.5941728,2,6,0.5069950980392157,14.002348676513181,2022-03-14,Niedersachsen
8428131635,53.0662588,7.5451879,2,6,0.32834558823529414,8.55429733577131,2022-03-14,Niedersachsen
8428131636,53.0683196,7.5436645,2,6,0.32547549019607847,7.596243327680198,2022-03-14,Niedersachsen
8428131637,53.0712258,7.5431211,2,6,0.3780318627450981,7.1491740592787725,2022-03-14,Niedersachsen
8428131638,53.0725895,7.5389026,2,6,0.37834068627450984,8.27593601093777,2022-03-14,Niedersachsen
8428131639,53.0751304,7.5353562,2,6,0.2971593137254902,8.937933278920191,2022-03-14,Niedersachsen
8435105437,53.2724945,7.6285322,2,6,0.5444656862745098,20.766503593659653,2022-03-14,Niedersachsen
8588097825,53.618144,7.5175257,2,6,0.6159779411764706,15.973557447962706,2022-03-14,Niedersachsen
8588097830,53.6185444,7.5222025,2,6,0.5892720588235294,23.06067425390285,2022-03-14,Niedersachsen
8588097843,53.6190342,7.5277925,2,6,0.42481127450980394,6.665364493047658,2022-03-14,Niedersachsen
8588097863,53.6214173,7.5246719,2,6,0.5358357843137255,10.42644314448665,2022-03-14,Niedersachsen
8588097864,53.6180288,7.5335133,2,6,0.47720098039215686,8.95052404385387,2022-03-14,Niedersachsen
8588097885,53.6208996,7.5322102,2,6,0.389921568627451,6.131226312626721,2022-03-14,Niedersachsen
8588097886,53.6192207,7.5396439,2,6,0.5698823529411764,7.524861427430718,2022-03-14,Niedersachsen
8588097893,53.6213752,7.5368762,2,6,0.3962156862745098,13.397398787824546,2022-03-14,Niedersachsen
8588097894,53.6210296,7.5177274,2,6,0.5036953242835597,10.044699413541334,2022-03-14,Niedersachsen
8588097903,53.6237428,7.518609,2,6,0.38981862745098045,12.874172705863138,2022-03-14,Niedersachsen
8606238089,53.5479954,9.0108121,2,6,0.12583578431372552,16.0524642091433,2022-03-14,Niedersachsen
8606238094,53.5457902,9.0194145,2,6,0.34241911764705885,11.2651702418508,2022-03-14,Niedersachsen
8634876267,53.6164171,8.0532702,2,6,0.49709068627450986,14.247991485614541,2022-03-14,Niedersachsen
8634876268,53.6135333,8.0540745,2,6,0.5518137254901961,11.109204054145442,2022-03-14,Niedersachsen
9056090908,53.5003811,7.5911333,2,6,0.6160931372549019,9.886110826306114,2022-03-14,Niedersachsen
9056090911,53.5017239,7.5857581,2,6,0.7114117647058823,19.07642272224547,2022-03-14,Niedersachsen
9056090914,53.5031067,7.5899031,2,6,0.4906862745098039,15.87334031010236,2022-03-14,Niedersachsen
9234153936,52.0960481,10.4818566,2,6,0.2039803921568627,17.9361216012761,2022-03-14,Niedersachsen
9254092593,53.4600643,9.0658808,2,6,0.49739460784313716,11.798213757376246,2022-03-14,Niedersachsen
9407717070,52.7941182,9.302081,2,6,0.1646372549019608,11.657636791495234,2022-03-14,Niedersachsen
208416557,53.1323719,9.7187827,2,6,0.5405686274509803,20.029334943120904,2022-03-14,Niedersachsen
331847634,51.5009678,9.973504,2,6,0.24803921568627452,11.599220612459376,2022-03-14,Niedersachsen
569707304,51.480688,9.7992653,2,6,0.46002450980392157,8.293372634312469,2022-03-14,Niedersachsen
569707306,51.4754063,9.8019829,2,6,0.33463298139768727,11.99730864889659,2022-03-14,Niedersachsen
604520298,51.4292587,9.8606317,2,6,0.6184019607843139,15.599852590026346,2022-03-14,Niedersachsen
683454862,51.4480772,9.8529553,2,6,0.12390397184514829,6.040845002807353,2022-03-14,Niedersachsen
683689185,51.6661952,10.2087436,2,6,0.3815,13.591290982416416,2022-03-14,Niedersachsen
199102483,50.9898708,13.4533214,2,6,0.5322524509803922,8.470249442923416,2022-03-14,Sachsen
272133648,50.7498886,13.4713389,2,6,0.4253700980392156,19.130786744124492,2022-03-14,Sachsen
365768239,51.1564146,13.9225089,2,6,0.4909326294620412,7.046229597109673,2022-03-14,Sachsen
365768278,51.1560193,13.9271142,2,6,0.5063308823529413,8.787661697373554,2022-03-14,Sachsen
365768280,51.1578268,13.9290028,2,6,0.49497794117647054,7.762641184646658,2022-03-14,Sachsen
366422207,50.886811,13.3648849,2,6,0.4539754901960784,18.642459063957194,2022-03-14,Sachsen
383810331,50.8867633,12.8555728,2,6,0.464311274509804,14.46960179761429,2022-03-14,Sachsen
458327256,50.7505154,13.3659908,2,6,0.4478186274509804,10.966634806816899,2022-03-14,Sachsen
506241336,50.5135545,13.0803243,2,6,0.35595098039215683,9.626127552080726,2022-03-14,Sachsen
518899783,50.5071916,13.0824349,2,6,0.41711519607843134,12.672249562970146,2022-03-14,Sachsen
528743745,50.8484439,13.3673862,2,6,0.5570024509803924,11.803709861153509,2022-03-14,Sachsen
528743754,50.8497289,13.370626,2,6,0.5513122171945701,12.82195865956129,2022-03-14,Sachsen
598972375,51.1460783,14.7706234,2,6,0.34338235294117647,10.609924504367612,2022-03-14,Sachsen
598972383,51.144874,14.7826176,2,6,0.4822426470588235,10.459463917567243,2022-03-14,Sachsen
619477349,50.9726384,12.7248451,2,6,0.6226053921568627,16.07996674276774,2022-03-14,Sachsen
654668165,50.744583,13.2923414,2,6,0.5001348039215686,13.155259708935096,2022-03-14,Sachsen
916420276,50.982893,13.2794637,2,6,0.5739068627450981,21.43639229903493,2022-03-14,Sachsen
921271720,50.9707048,13.34307,2,6,0.6754313725490196,22.72634530694951,2022-03-14,Sachsen
921271723,50.9741778,13.3438936,2,6,0.6579044117647059,12.42237444778492,2022-03-14,Sachsen
938647664,51.1445079,13.3252096,2,6,0.46510784313725495,7.432256110393736,2022-03-14,Sachsen
938647675,51.1476937,13.3256194,2,6,0.572686274509804,5.166831767476286,2022-03-14,Sachsen
938647696,51.1459781,13.3256341,2,6,0.6109632352941176,12.574713136587633,2022-03-14,Sachsen
938647698,51.1493243,13.3254916,2,6,0.5020367647058823,16.86985383609337,2022-03-14,Sachsen
1024810656,51.2809206,13.2096901,2,6,0.5311082749996777,13.576829136857123,2022-03-14,Sachsen
1029883082,50.7585747,13.3843143,2,6,0.615357843137255,17.13803175543467,2022-03-14,Sachsen
1333560062,50.5152804,13.0806116,2,6,0.19942156862745097,28.88276340984233,2022-03-14,Sachsen
1354708779,51.2305251,12.9068524,2,6,0.5155128205128205,14.184722618890627,2022-03-14,Sachsen
1354708807,51.2329235,12.9092046,2,6,0.5011814982403219,12.396850071632823,2022-03-14,Sachsen
1456820680,50.9720201,13.3379127,2,6,0.5286372549019608,10.369525071673198,2022-03-14,Sachsen
1741315450,51.1579962,13.9183345,2,6,0.41771323529411764,12.749770275860197,2022-03-14,Sachsen
1741315451,51.15931,13.9245772,2,6,0.5032181372549019,8.905830254804194,2022-03-14,Sachsen
1890465520,50.9196438,13.4150977,2,6,0.620375,20.127969270225346,2022-03-14,Sachsen
1890465525,50.9192177,13.4096447,2,6,0.4301446078431373,9.228786132750745,2022-03-14,Sachsen
1890465528,50.9150596,13.4154466,2,6,0.5289852941176472,17.10651113750373,2022-03-14,Sachsen
1890465541,50.9171108,13.4119461,2,6,0.41898774509803915,13.573059726519205,2022-03-14,Sachsen
1890465542,50.9170736,13.4169913,2,6,0.6071985294117647,21.31509150915943,2022-03-14,Sachsen
1976232020,50.988048,13.4549461,2,6,0.5871887254901961,5.268740446364393,2022-03-14,Sachsen
2083537050,50.9810252,12.7221436,2,6,0.6426936274509804,7.244857493179015,2022-03-14,Sachsen
2083537055,50.981458,12.7181725,2,6,0.5461666666666667,10.734796322361646,2022-03-14,Sachsen
2083537063,50.9832607,12.7178736,2,6,0.5358553921568627,11.86510254887844,2022-03-14,Sachsen
2206722117,51.2270371,12.91401,2,6,0.49492156862745096,16.82407424786601,2022-03-14,Sachsen
2206722148,51.2287868,12.9084039,2,6,0.5486617647058823,7.29953242971766,2022-03-14,Sachsen
2206722174,51.2304923,12.9096287,2,6,0.48490441176470583,3.7451989990907735,2022-03-14,Sachsen
2206722209,51.2354842,12.9094446,2,6,0.43477696078431377,11.4330628882754,2022-03-14,Sachsen
2369853977,50.8150143,12.6342723,2,6,0.38827205882352944,14.707719917353309,2022-03-14,Sachsen
3782524392,51.2752993,13.2187022,2,6,0.6183848039215686,12.871188420184078,2022-03-14,Sachsen
3782524397,51.279045,13.2136567,2,6,0.5761421568627451,9.47076642802378,2022-03-14,Sachsen
3996237478,51.3465248,13.3831483,2,6,0.5885098039215686,9.974742222693843,2022-03-14,Sachsen
4088094864,50.8847581,13.3660625,2,6,0.44864215686274506,17.10300524009601,2022-03-14,Sachsen
5533512312,50.9188822,13.4050067,2,6,0.5363137254901961,6.051757301725895,2022-03-14,Sachsen
5533512313,50.9865261,13.4513759,2,6,0.4353210784313726,10.860678369489536,2022-03-14,Sachsen
6171424307,51.2433774,14.1604918,2,6,0.43009558823529415,8.03522556996552,2022-03-14,Sachsen
6173212674,51.2574198,12.8494556,2,6,0.5273480392156863,12.065713842084309,2022-03-14,Sachsen
6250160140,50.9836722,12.7217936,2,6,0.714825980392157,15.407294052162541,2022-03-14,Sachsen
6280416706,50.7664229,12.6824746,2,6,0.491078431372549,10.466293113383248,2022-03-14,Sachsen
6435660757,51.2302494,12.9146938,2,6,0.5769632352941176,7.117177961405615,2022-03-14,Sachsen
8440731674,50.6645679,13.1156077,2,6,0.5469656862745098,6.769529999421291,2022-03-14,Sachsen
52803296,52.194747,11.6859642,2,6,0.2101127450980392,13.713299086053762,2022-03-14,Sachsen-Anhalt
248731899,52.1974023,11.686832,2,6,0.18465686274509804,26.628620221023784,2022-03-14,Sachsen-Anhalt
991054432,51.4101911,12.09997,2,6,0.12626715686274512,4.708661240699481,2022-03-14,Sachsen-Anhalt
1358152101,51.6664881,12.0842135,2,6,0.2764828431372549,15.83148170344422,2022-03-14,Sachsen-Anhalt
1896479489,51.1309713,11.944403,2,6,0.6886200980392158,15.080663391301657,2022-03-14,Sachsen-Anhalt
1898167206,51.1344672,11.945498,2,6,0.7631151960784314,18.137316322302226,2022-03-14,Sachsen-Anhalt
1902543297,51.9896378,10.8249088,2,6,0.3857083333333333,9.167537617464333,2022-03-14,Sachsen-Anhalt
1902543369,51.9821771,10.8648072,2,6,0.4409289215686275,10.309714603411253,2022-03-14,Sachsen-Anhalt
2014340907,52.2490743,11.490971,2,6,0.44484313725490193,6.878556471612639,2022-03-14,Sachsen-Anhalt
2051079359,51.648465,12.208278,2,6,0.27639460784313724,8.053775608603049,2022-03-14,Sachsen-Anhalt
3302736997,51.0323152,11.9524051,2,6,0.5571666666666667,11.894178763788894,2022-03-14,Sachsen-Anhalt
3456825883,51.134636,11.9549826,2,6,0.5731789215686275,10.55082650466319,2022-03-14,Sachsen-Anhalt
5624172651,52.5835745,11.5138482,2,6,0.7066593137254902,19.819254631492022,2022-03-14,Sachsen-Anhalt
7926558459,51.1377793,11.9557625,2,6,0.5642058823529412,6.630866492478197,2022-03-14,Sachsen-Anhalt
7926558460,51.1443091,11.9530122,2,6,0.5420686274509805,11.125965346111288,2022-03-14,Sachsen-Anhalt
7926558461,51.1454409,11.9588054,2,6,0.47423774509803923,8.94679543821756,2022-03-14,Sachsen-Anhalt
7926558462,51.1484696,11.9582623,2,6,0.6373431372549019,12.102566754418358,2022-03-14,Sachsen-Anhalt
7926558463,51.1481156,11.9637797,2,6,0.4832058823529412,11.409630883191864,2022-03-14,Sachsen-Anhalt
7926558464,51.1488041,11.9705779,2,6,0.5496372549019607,12.24244362825943,2022-03-14,Sachsen-Anhalt
7928320991,51.1198734,11.9448506,2,6,0.6792377450980392,13.965180397386327,2022-03-14,Sachsen-Anhalt
7928320992,51.1161693,11.9460951,2,6,0.5815811965811966,3.2627058175953643,2022-03-14,Sachsen-Anhalt
7928321001,51.1252192,11.9514769,2,6,0.6100024509803922,12.436943370673411,2022-03-14,Sachsen-Anhalt
8019789648,51.4359934,11.3749824,2,6,0.24987254901960781,15.028340915296587,2022-03-14,Sachsen-Anhalt
8019789652,51.4341206,11.3688884,2,6,0.2599901960784314,21.950849895949805,2022-03-14,Sachsen-Anhalt
8300831250,52.6805911,11.6932776,2,6,0.32373529411764707,11.685602914318459,2022-03-14,Sachsen-Anhalt
254452930,53.4922754,9.9562709,2,6,0.239375,5.329259576093513,2022-03-14,Hamburg
254452932,53.4906984,9.9574372,2,6,0.2399485294117647,10.66715959792782,2022-03-14,Hamburg
4623874764,53.420272,10.2443358,2,6,0.529953431372549,5.230348182098603,2022-03-14,Hamburg
4623874765,53.4170941,10.2420827,2,6,0.5366053921568628,11.191049680457692,2022-03-14,Hamburg
279618250,52.6360864,13.4297834,2,6,0.30445833333333333,11.133174229252386,2022-03-14,Berlin
33062893,52.576627,12.9100524,2,6,0.4755955882352942,8.180895014766877,2022-03-14,Brandenburg
33062894,52.5781176,12.9083916,2,6,0.46776960784313726,5.63568820546713,2022-03-14,Brandenburg
33062895,52.5786288,12.9111311,2,6,0.5838676470588235,7.3259541895301235,2022-03-14,Brandenburg
33062896,52.5774108,12.9187889,2,6,0.7198088235294119,13.324942643021672,2022-03-14,Brandenburg
33062897,52.5758934,12.920556,2,6,0.6635220588235294,10.737373797374618,2022-03-14,Brandenburg
33062898,52.5744173,12.9222555,2,6,0.5604436274509804,8.131966931999006,2022-03-14,Brandenburg
254614158,52.5274193,12.8341659,2,6,0.19945833333333332,9.505817248088015,2022-03-14,Brandenburg
355507053,51.9686364,13.1244369,2,6,0.315688725490196,7.846969673428922,2022-03-14,Brandenburg
355507066,51.9691546,13.1323419,2,6,0.333281862745098,13.15564618220044,2022-03-14,Brandenburg
355507068,51.9717985,13.1353546,2,6,0.45789460784313724,8.570464224723866,2022-03-14,Brandenburg
393949824,52.5283667,12.8996775,2,6,0.4638112745098039,7.109744919675003,2022-03-14,Brandenburg
393951535,52.5325651,12.88512,2,6,0.3043308823529412,14.008905810934039,2022-03-14,Brandenburg
393951601,52.5350343,12.8857654,2,6,0.26771813725490196,17.37413825909818,2022-03-14,Brandenburg
393954054,52.5352911,12.8546489,2,6,0.28124264705882346,11.119177430552073,2022-03-14,Brandenburg
393955321,52.5372152,12.8721997,2,6,0.39956617647058823,8.56511188897883,2022-03-14,Brandenburg
393955520,52.5338253,12.8714256,2,6,0.306703431372549,8.554603272342641,2022-03-14,Brandenburg
394135613,52.2115975,13.4940315,2,6,0.29724509803921567,16.964585233910046,2022-03-14,Brandenburg
402948082,52.5723073,12.9344242,2,6,0.37240196078431376,16.83459686926555,2022-03-14,Brandenburg
410838020,52.5907963,12.7871967,2,6,0.17450980392156862,10.154839083936247,2022-03-14,Brandenburg
410838047,52.6028346,12.8176094,2,6,0.3757009803921569,13.881952310063705,2022-03-14,Brandenburg
410838048,52.6057953,12.8169314,2,6,0.3675098039215686,12.782203789980436,2022-03-14,Brandenburg
410838049,52.608464,12.816691,2,6,0.2258137254901961,19.96835551926403,2022-03-14,Brandenburg
410838050,52.6101736,12.817721,2,6,0.2040563725490196,21.425411060969928,2022-03-14,Brandenburg
412141109,53.2624233,12.3236932,2,6,0.31646556058320763,11.359452003869192,2022-03-14,Brandenburg
412141127,53.2590968,12.2885839,2,6,0.5920147058823529,5.718420271286791,2022-03-14,Brandenburg
412141128,53.2572422,12.288176,2,6,0.5576495098039216,7.409923843639342,2022-03-14,Brandenburg
412174964,53.2179284,12.2287409,2,6,0.6201053921568627,7.224767187109438,2022-03-14,Brandenburg
412174965,53.2170376,12.2306438,2,6,0.5634779411764707,10.478155258312237,2022-03-14,Brandenburg
412174966,53.2163018,12.2330383,2,6,0.6006593137254901,9.350016144523117,2022-03-14,Brandenburg
412174967,53.2165825,12.2280375,2,6,0.4475588235294118,15.70583489917471,2022-03-14,Brandenburg
412174968,53.2150619,12.228311,2,6,0.3900661764705882,20.474388926065966,2022-03-14,Brandenburg
412174969,53.2135412,12.2285845,2,6,0.40659558823529407,26.00594178106111,2022-03-14,Brandenburg
412174970,53.2147907,12.2335715,2,6,0.39501715686274513,13.162914400558076,2022-03-14,Brandenburg
412174971,53.2132902,12.2340384,2,6,0.4025588235294118,16.483424092182112,2022-03-14,Brandenburg
412174972,53.2117919,12.23456,2,6,0.589046568627451,10.74982877560789,2022-03-14,Brandenburg
466150175,51.8396951,13.6685491,2,6,0.2930539215686274,8.994739796569746,2022-03-14,Brandenburg
466150182,51.839007,13.674492,2,6,0.40033823529411766,12.517490226606462,2022-03-14,Brandenburg
467443769,51.8623921,13.5645916,2,6,0.41661274509803925,8.21812075602649,2022-03-14,Brandenburg
467443810,51.869312,13.5582368,2,6,0.44477878330819504,10.26487381369933,2022-03-14,Brandenburg
467443814,51.8697886,13.5632678,2,6,0.48522121669180496,8.444182032924408,2022-03-14,Brandenburg
467443834,51.87275,13.5459824,2,6,0.2190539215686275,17.347715536088874,2022-03-14,Brandenburg
467443839,51.8750239,13.5458667,2,6,0.22686764705882356,18.69348976402849,2022-03-14,Brandenburg
467451764,51.8645346,13.5473227,2,6,0.4113872549019609,14.006555400099659,2022-03-14,Brandenburg
470856444,52.8483708,12.4834789,2,6,0.3849313725490196,14.380751476296965,2022-03-14,Brandenburg
470856446,52.8550675,12.4710437,2,6,0.6663823529411765,10.342327081775872,2022-03-14,Brandenburg
470856447,52.8573692,12.4664367,2,6,0.6855392156862745,17.516506239337133,2022-03-14,Brandenburg
470856451,52.8440061,12.4810671,2,6,0.38918300653594773,9.311048151133079,2022-03-14,Brandenburg
470856453,52.8453384,12.4888262,2,6,0.43768382352941176,9.763135679644305,2022-03-14,Brandenburg
470856468,52.8626245,12.4734206,2,6,0.3827303921568627,11.017734264283682,2022-03-14,Brandenburg
484292081,52.0099354,13.1953155,2,6,0.13992156862745098,14.50425578622365,2022-03-14,Brandenburg
484292109,52.020606,13.1878311,2,6,0.12240686274509803,13.880038874826674,2022-03-14,Brandenburg
484309756,51.9734482,13.1285825,2,6,0.18906372549019607,8.506655361107105,2022-03-14,Brandenburg
578389276,52.0246882,12.985826,2,6,0.2231593137254902,7.512204718516805,2022-03-14,Brandenburg
578445607,52.0310462,12.9640006,2,6,0.13845902463549523,11.800376774193275,2022-03-14,Brandenburg
578471613,52.0394058,12.971736,2,6,0.11277205882352942,10.666999047956505,2022-03-14,Brandenburg
659873918,52.3768764,14.4629536,2,6,0.25465441176470593,14.150774330054672,2022-03-14,Brandenburg
669583308,52.1643174,14.181713,2,6,0.44522058823529426,8.882833589633465,2022-03-14,Brandenburg
759747893,52.4774183,14.4095451,2,6,0.24874754901960786,10.628590387348712,2022-03-14,Brandenburg
759767907,52.1661736,14.297987,2,6,0.37584803921568627,13.967549131717014,2022-03-14,Brandenburg
759767948,52.1051929,14.2391842,2,6,0.13744607843137255,26.998139542912444,2022-03-14,Brandenburg
760347798,51.9921823,14.2581159,2,6,0.2869130216189039,17.203212400959632,2022-03-14,Brandenburg
815385390,53.2339255,13.6502176,2,6,0.07348774509803922,15.630462225569673,2022-03-14,Brandenburg
830453021,52.714144,13.6018763,2,6,0.33632598039215683,12.67396210353661,2022-03-14,Brandenburg
831545276,52.8996205,12.3772389,2,6,0.24058578431372546,9.953566196867884,2022-03-14,Brandenburg
831545318,52.8946248,12.3630284,2,6,0.21545248868778283,17.12311585035314,2022-03-14,Brandenburg
1017044796,53.3371392,13.7732713,2,6,0.5303799019607842,5.206162589677143,2022-03-14,Brandenburg
1017044912,53.3372541,13.7637977,2,6,0.5538134741075917,7.047407040085387,2022-03-14,Brandenburg
1362201622,52.0001853,12.8192651,2,6,0.1532843137254902,11.668399081527925,2022-03-14,Brandenburg
1363198986,52.0000392,12.8263875,2,6,0.11933333333333333,13.854911242151411,2022-03-14,Brandenburg
1363198987,51.9984403,12.8260702,2,6,0.13319117647058826,13.51212835016397,2022-03-14,Brandenburg
1363198988,51.99685,12.8257547,2,6,0.1607549019607843,12.884181061523051,2022-03-14,Brandenburg
1363198990,52.0001281,12.8393843,2,6,0.17914460784313727,9.145971461018068,2022-03-14,Brandenburg
1363198992,51.9969795,12.8386664,2,6,0.2279117647058823,13.373647985008256,2022-03-14,Brandenburg
1375123152,53.0409301,13.0192068,2,6,0.48249019607843135,18.003730945976343,2022-03-14,Brandenburg
1512921524,53.1380452,12.1361945,2,6,0.5504264705882354,22.13582909277885,2022-03-14,Brandenburg
1512921536,53.1397185,12.1357078,2,6,0.7352156862745097,21.59066546907484,2022-03-14,Brandenburg
1512921584,53.1413612,12.1352139,2,6,0.4485955882352941,11.583688530578835,2022-03-14,Brandenburg
1688470311,51.5366731,13.9248262,2,6,0.13319607843137254,8.408701721319796,2022-03-14,Brandenburg
2011038632,53.3398469,13.7536148,2,6,0.4660294117647059,9.502621636327767,2022-03-14,Brandenburg
2028368186,51.9638381,13.7740583,2,6,0.3904411764705883,8.912442736503131,2022-03-14,Brandenburg
2028368194,51.9664521,13.7741048,2,6,0.39247303921568627,12.77595094642318,2022-03-14,Brandenburg
2194252080,52.9815782,12.3322777,2,6,0.4235269607843137,9.339015980341886,2022-03-14,Brandenburg
2194252082,52.9821903,12.3298826,2,6,0.4422523881347411,9.373363984121825,2022-03-14,Brandenburg
2194912443,53.1281648,12.2204348,2,6,0.42455882352941177,16.933866875008338,2022-03-14,Brandenburg
2194912452,53.174571,12.2712553,2,6,0.3400269607843137,7.662083003838252,2022-03-14,Brandenburg
2194912483,53.2380369,12.2231179,2,6,0.25265441176470593,17.572602198762656,2022-03-14,Brandenburg
2194912501,53.2295616,12.2186039,2,6,0.36928431372549014,7.781757804208216,2022-03-14,Brandenburg
2268615296,52.0115276,13.1654389,2,6,0.0975,12.517504278952552,2022-03-14,Brandenburg
2268615387,52.0240601,13.1687433,2,6,0.07876960784313726,12.94689208170357,2022-03-14,Brandenburg
2268615401,52.021525,13.1681211,2,6,0.07989460784313725,15.133994906542604,2022-03-14,Brandenburg
2268615406,52.0187381,13.16737,2,6,0.07338235294117647,15.103003483070868,2022-03-14,Brandenburg
2268615426,52.0139583,13.166104,2,6,0.10338725490196078,14.425789274516964,2022-03-14,Brandenburg
2268615436,52.0093615,13.1662113,2,6,0.08987009803921568,12.833841510769357,2022-03-14,Brandenburg
2268615442,52.0071425,13.1669623,2,6,0.10164460784313727,11.132967904353423,2022-03-14,Brandenburg
2268654356,52.0142746,13.2024104,2,6,0.12019607843137255,13.330761349469189,2022-03-14,Brandenburg
2268654364,52.0211546,13.200608,2,6,0.18267156862745096,9.049089495322015,2022-03-14,Brandenburg
2268654371,52.009837,13.2027537,2,6,0.09580637254901961,12.311236947303348,2022-03-14,Brandenburg
2268654383,52.0120162,13.2025177,2,6,0.12500735294117646,15.310356982344098,2022-03-14,Brandenburg
2268654394,52.0166787,13.2023246,2,6,0.122780291603821,11.11567826083263,2022-03-14,Brandenburg
2298641914,53.2286645,12.2124956,2,6,0.23967647058823527,13.940763150588143,2022-03-14,Brandenburg
2298641916,53.228053,12.2085707,2,6,0.30875245098039217,11.711233660324321,2022-03-14,Brandenburg
2375920969,53.0777275,12.2093505,2,6,0.3539803921568627,5.218152429028538,2022-03-14,Brandenburg
2378102462,53.1252988,12.2310001,2,6,0.35014705882352937,8.669035602109266,2022-03-14,Brandenburg
2385104745,53.2992063,12.1688554,2,6,0.185,9.317887584186458,2022-03-14,Brandenburg
2387841550,52.648777,14.3357955,2,6,0.3713235294117647,8.274892386859879,2022-03-14,Brandenburg
2387896627,52.6379274,14.3195944,2,6,0.21444117647058825,8.756996520220138,2022-03-14,Brandenburg
2387896633,52.6398676,14.3183082,2,6,0.18586029411764707,10.765726509699471,2022-03-14,Brandenburg
2387896650,52.6412779,14.315728,2,6,0.25235049019607847,13.28366320515528,2022-03-14,Brandenburg
2387896658,52.6449989,14.3301522,2,6,0.39065931372549023,9.648677521928446,2022-03-14,Brandenburg
2610845476,52.691956,13.8338518,2,6,0.3338700980392157,10.772025123516267,2022-03-14,Brandenburg
2624124588,52.474804,14.41425,2,6,0.22637254901960785,8.84889037893488,2022-03-14,Brandenburg
2634383410,53.0585356,13.9961261,2,6,0.37075245098039217,10.319873623888023,2022-03-14,Brandenburg
2634383412,53.058598,13.990957,2,6,0.30416792357968836,12.606866669455698,2022-03-14,Brandenburg
2642208583,53.2179302,13.9771187,2,6,0.3347230392156863,8.060573996697395,2022-03-14,Brandenburg
2642208612,53.2189718,13.9842453,2,6,0.3042769607843137,11.018226433679787,2022-03-14,Brandenburg
2642208663,53.221139,13.9803126,2,6,0.2924044117647059,10.171957835821699,2022-03-14,Brandenburg
2661377695,53.2554244,13.9633443,2,6,0.5981470588235295,15.90680018029452,2022-03-14,Brandenburg
2661377697,53.2583561,13.9542431,2,6,0.3483799019607843,10.71101999760064,2022-03-14,Brandenburg
2661551207,53.380708,13.9892408,2,6,0.3358063725490195,17.716510346122085,2022-03-14,Brandenburg
2661663814,52.6884857,13.1310224,2,6,0.45960294117647066,13.99477510126176,2022-03-14,Brandenburg
2661767407,53.415095,14.0405611,2,6,0.3099264705882353,7.4137205339583785,2022-03-14,Brandenburg
2661767493,53.4263511,14.033227,2,6,0.37288480392156864,5.568100327789119,2022-03-14,Brandenburg
2670454012,53.3544008,14.1023134,2,6,0.4362254901960784,6.379859133333805,2022-03-14,Brandenburg
2670473061,53.3563362,14.0926637,2,6,0.3541838235294118,5.071952863136325,2022-03-14,Brandenburg
2670473063,53.3591648,14.0876242,2,6,0.26808333333333334,5.662802961614537,2022-03-14,Brandenburg
2670473064,53.3598988,14.0996531,2,6,0.3664705882352941,8.130477775021777,2022-03-14,Brandenburg
2670473067,53.3631379,14.0806109,2,6,0.23385294117647057,9.85746958375872,2022-03-14,Brandenburg
2684105666,53.3733759,13.9012131,2,6,0.431945701357466,11.556854424517047,2022-03-14,Brandenburg
2684105668,53.373982,13.9217945,2,6,0.1784730392156863,9.5996970783144,2022-03-14,Brandenburg
2684105669,53.3751219,13.9023925,2,6,0.5458848039215687,13.556615205700774,2022-03-14,Brandenburg
2684105679,53.3767376,13.9037466,2,6,0.4743088235294117,14.657376485028797,2022-03-14,Brandenburg
2684105683,53.378016,13.9265869,2,6,0.20944362745098039,10.388497559844309,2022-03-14,Brandenburg
2684105688,53.3799166,13.9062801,2,6,0.363046568627451,12.989103476098514,2022-03-14,Brandenburg
2684105692,53.3815585,13.9076514,2,6,0.378546568627451,12.214893743926003,2022-03-14,Brandenburg
2684177013,53.383151,13.958,2,6,0.3989411764705882,9.021316483928098,2022-03-14,Brandenburg
2725045650,53.2144439,11.8135671,2,6,0.5853578431372548,7.508392311850647,2022-03-14,Brandenburg
2725045654,53.2160941,11.8263757,2,6,0.1298466566113625,5.709110080662615,2022-03-14,Brandenburg
3327065202,53.2909084,12.2127147,2,6,0.4641519607843138,13.045400385277054,2022-03-14,Brandenburg
3327065205,53.294031,12.2173581,2,6,0.42573284313725496,9.582949616924498,2022-03-14,Brandenburg
3327065208,53.2970273,12.2106138,2,6,0.43686274509803924,12.99748240309303,2022-03-14,Brandenburg
3759200685,52.2976359,14.4384146,2,6,0.16581617647058822,10.217938852530256,2022-03-14,Brandenburg
3759200686,52.2983353,14.4352984,2,6,0.1277401960784314,8.8332599150838,2022-03-14,Brandenburg
3868037309,52.7886518,13.4640606,2,6,0.20788838612368019,16.05093939384118,2022-03-14,Brandenburg
3886562299,53.2310166,13.6428327,2,6,0.2931397058823529,28.51483822809503,2022-03-14,Brandenburg
3886562301,53.2321151,13.6472263,2,6,0.838985294117647,16.630191899148624,2022-03-14,Brandenburg
3894045308,53.3898357,14.1634014,2,6,0.3825955882352941,10.250369430490231,2022-03-14,Brandenburg
3894045317,53.3950994,14.1489902,2,6,0.2319705882352941,9.174077696048037,2022-03-14,Brandenburg
