id,latitude,longitude,label,quality,max_mean-bright,max_std_bright,date,region,heightInM
99485451,53.8044097,10.3276698,2,6,0.6266617647058824,10.05062231273126,2022-03-14,Schleswig-Holstein,65
254210800,51.4596869,6.4368978,0,2,0.6776372549019607,12.459163560537553,2022-03-14,Nordrhein-Westfalen,70
254210832,51.4581857,6.4393497,0,5,0.5235735294117647,11.47014924811323,2022-03-14,Nordrhein-Westfalen,70
254210896,51.4570931,6.4427686,0,3,0.4637941176470588,20.87216892405924,2022-03-14,Nordrhein-Westfalen,70
254210903,51.4561893,6.4456182,0,3,0.4767426470588235,6.998103906307871,2022-03-14,Nordrhein-Westfalen,70
254214300,51.4646394,6.4204844,0,3,0.4986617647058824,20.138749298176595,2022-03-14,Nordrhein-Westfalen,70
254214308,51.4657157,6.4273438,0,4,0.4831642156862745,7.09513695898884,2022-03-14,Nordrhein-Westfalen,70
254214318,51.4680407,6.4272784,0,5,0.4114779411764706,5.704936435369206,2022-03-14,Nordrhein-Westfalen,70
255147068,50.8416028,6.1992659,0,3,0.3209411764705882,12.399130170250093,2022-03-14,Nordrhein-Westfalen,86
272114176,51.510257,8.3617054,0,4,0.4790294117647058,11.234883751772086,2022-03-14,Nordrhein-Westfalen,73
272114239,51.5117835,8.3568939,2,6,0.3038627450980392,8.62629431623866,2022-03-14,Nordrhein-Westfalen,73
272114243,51.5140473,8.356,2,6,0.3731960784313725,11.957541818540433,2022-03-14,Nordrhein-Westfalen,73
272114296,51.514387,8.3757161,0,3,0.235563725490196,11.555119209668948,2022-03-14,Nordrhein-Westfalen,73
272116328,51.5180531,8.1829606,0,2,0.3971029411764705,8.999615193755268,2022-03-14,Nordrhein-Westfalen,64
274947030,51.6741156,8.175293,2,6,0.3740367647058824,8.70616506035021,2022-03-14,Nordrhein-Westfalen,77
274947031,51.6758807,8.1750142,2,6,0.342421568627451,8.850215749002631,2022-03-14,Nordrhein-Westfalen,77
276967368,49.6672635,11.2165619,0,4,0.1860343137254902,12.845075980853382,2022-03-14,Bayern,100
283172072,54.1617737,9.022066,0,1,0.4908406862745099,4.276635670898726,2022-03-14,Schleswig-Holstein,86
299494403,53.7444653,10.4029013,0,2,0.2741985294117647,8.546127992973359,2022-03-14,Schleswig-Holstein,65
299494404,53.7431783,10.4050084,0,3,0.2291666666666666,9.721212393949424,2022-03-14,Schleswig-Holstein,65
299494406,53.7405211,10.3947469,0,2,0.4947009803921568,10.909578168078216,2022-03-14,Schleswig-Holstein,65
299494407,53.7416339,10.3991977,0,4,0.3022328431372549,20.84695874500855,2022-03-14,Schleswig-Holstein,65
299494408,53.7430581,10.3976873,0,4,0.3148014705882352,11.55552603153946,2022-03-14,Schleswig-Holstein,65
299494410,53.7446502,10.3967464,0,4,0.3673700980392157,7.076993676538673,2022-03-14,Schleswig-Holstein,65
307819285,48.0105683,7.902469,2,6,0.1506936274509804,10.783510776387,2022-03-14,Baden-Württemberg,98
307819300,48.0131181,7.9072297,2,6,0.1484791352438411,6.152968611972875,2022-03-14,Baden-Württemberg,98
307819319,48.0126942,7.9009209,0,4,0.109156862745098,11.356086343625227,2022-03-14,Baden-Württemberg,98
343547010,51.4597743,6.4289748,0,3,0.5513247863247863,15.253393027535536,2022-03-14,Nordrhein-Westfalen,70
344533410,51.4803956,6.4550245,0,1,0.8417132352941176,14.706427260390576,2022-03-14,Nordrhein-Westfalen,70
344539710,51.4779532,6.4546557,0,1,0.8001544117647059,19.330082319966365,2022-03-14,Nordrhein-Westfalen,70
344539715,51.4758923,6.4543705,0,1,0.7860931372549019,8.325936641584585,2022-03-14,Nordrhein-Westfalen,70
344540226,51.476144,6.4478096,0,5,0.400142156862745,9.368319324861313,2022-03-14,Nordrhein-Westfalen,70
344540227,51.4787155,6.4472048,0,3,0.3768161764705882,16.760762627444585,2022-03-14,Nordrhein-Westfalen,70
344540228,51.4809497,6.4475014,2,6,0.4172892156862745,34.366052108672925,2022-03-14,Nordrhein-Westfalen,70
344540229,51.4742694,6.4415217,0,4,0.2346985294117647,27.00692221288306,2022-03-14,Nordrhein-Westfalen,70
344540230,51.4768704,6.4405034,0,3,0.6450392156862744,6.791723556657217,2022-03-14,Nordrhein-Westfalen,70
344540231,51.4795216,6.440778,2,6,0.265375,8.17523629860988,2022-03-14,Nordrhein-Westfalen,70
367796903,49.5039877,10.7148032,0,4,0.1861446078431372,9.986482562184632,2022-03-14,Bayern,138
371040848,49.4998275,10.7156896,0,5,0.5140539215686275,7.167315615674032,2022-03-14,Bayern,138
376377535,52.0764262,7.4210147,0,4,0.5096151960784314,9.229335223917351,2022-03-14,Nordrhein-Westfalen,100
376377547,52.0788416,7.4178257,2,6,0.5241985294117648,17.386923591450003,2022-03-14,Nordrhein-Westfalen,100
393156832,51.5473177,7.3478144,0,4,0.5579926470588235,13.762238811813251,2022-03-14,Nordrhein-Westfalen,90
443450128,53.805507,10.4845508,2,6,0.6438627450980392,11.738868573190514,2022-03-14,Schleswig-Holstein,28
456390150,51.511246,8.340614,0,3,0.369851684263449,8.00839764094351,2022-03-14,Nordrhein-Westfalen,64
456390163,51.509645,8.3423812,0,2,0.3573774509803921,10.679316431109571,2022-03-14,Nordrhein-Westfalen,64
456390170,51.5082817,8.3445524,0,2,0.3937254901960784,10.691333664249033,2022-03-14,Nordrhein-Westfalen,64
456390180,51.5079353,8.3476011,2,6,0.3231372549019608,19.262641226945064,2022-03-14,Nordrhein-Westfalen,64
456390256,51.5166457,8.3558099,2,6,0.4949338235294117,13.099951820431103,2022-03-14,Nordrhein-Westfalen,75
456390258,51.5121585,8.3602978,2,6,0.3939460784313725,12.63548145491272,2022-03-14,Nordrhein-Westfalen,73
456390262,51.5111922,8.3510076,2,6,0.4024558823529411,9.143874556857623,2022-03-14,Nordrhein-Westfalen,65
456390263,51.5110086,8.3526091,2,6,0.3879044117647059,17.387056820853303,2022-03-14,Nordrhein-Westfalen,64
456390264,51.5103035,8.3542243,2,6,0.322031862745098,12.007776478407433,2022-03-14,Nordrhein-Westfalen,73
456390268,51.5116775,8.3651955,2,6,0.2211838235294117,12.936921623144215,2022-03-14,Nordrhein-Westfalen,73
456390269,51.5125395,8.3695303,0,3,0.3493308823529412,7.866641185936053,2022-03-14,Nordrhein-Westfalen,65
456390270,51.5120059,8.3721953,0,2,0.3221838235294117,10.96989943196146,2022-03-14,Nordrhein-Westfalen,66
456390271,51.5105393,8.3674604,0,2,0.4315171568627451,4.776473485116136,2022-03-14,Nordrhein-Westfalen,73
456390358,51.512781,8.3766946,0,3,0.3395955882352941,5.672711795923661,2022-03-14,Nordrhein-Westfalen,73
456390359,51.512678,8.3800899,2,6,0.4755122549019608,5.3813300646438185,2022-03-14,Nordrhein-Westfalen,73
458728279,51.6193644,8.5700716,0,2,0.371279537456008,16.880578956969224,2022-03-14,Nordrhein-Westfalen,65
458728280,51.6161731,8.562917,0,3,0.4417450980392156,10.994854546988634,2022-03-14,Nordrhein-Westfalen,65
458728281,51.6212681,8.561194,2,6,0.2140931372549019,16.687332815438157,2022-03-14,Nordrhein-Westfalen,70
458728282,51.6145411,8.5579525,2,6,0.2301495098039215,8.783423114616486,2022-03-14,Nordrhein-Westfalen,65
458728316,51.6121138,8.5543368,0,4,0.4101789215686274,10.900914764235935,2022-03-14,Nordrhein-Westfalen,65
458728317,51.612063,8.5524567,2,6,0.4554264705882353,12.677862449014125,2022-03-14,Nordrhein-Westfalen,65
458728322,51.6172803,8.5469344,2,6,0.277860294117647,7.173009409916866,2022-03-14,Nordrhein-Westfalen,70
458728323,51.6152878,8.5497492,0,5,0.4480196078431372,11.762192333298524,2022-03-14,Nordrhein-Westfalen,65
458728335,51.6122345,8.5487411,2,6,0.4279852941176471,14.763635769250648,2022-03-14,Nordrhein-Westfalen,65
458728336,51.6100337,8.5504719,2,6,0.4063970588235294,7.078700188054284,2022-03-14,Nordrhein-Westfalen,65
458728337,51.6088822,8.552107,0,4,0.3438763197586728,7.62547459232062,2022-03-14,Nordrhein-Westfalen,65
458728338,51.6105648,8.5562241,2,6,0.4025490196078432,5.639023041147093,2022-03-14,Nordrhein-Westfalen,65
466150161,51.836843,13.674744,0,3,0.2953259803921568,20.535911694516724,2022-03-14,Brandenburg,73
466150165,51.8355171,13.6710664,0,4,0.410623428858723,15.27517692875003,2022-03-14,Brandenburg,73
466150169,51.8376681,13.669785,0,5,0.2795024509803921,14.919853645151475,2022-03-14,Brandenburg,73
466150175,51.8396951,13.6685491,2,6,0.2930539215686274,8.994739796569746,2022-03-14,Brandenburg,73
466150178,51.840656,13.674008,0,5,0.4198946078431372,14.444314144494587,2022-03-14,Brandenburg,73
466150182,51.839007,13.674492,2,6,0.4003382352941176,12.517490226606462,2022-03-14,Brandenburg,73
467443761,51.857425,13.5682461,0,5,0.5951078431372548,7.753212939520267,2022-03-14,Brandenburg,65
467443769,51.8623921,13.5645916,2,6,0.4166127450980392,8.21812075602649,2022-03-14,Brandenburg,98
467443775,51.8621688,13.5575658,0,3,0.2735196078431372,7.018119010790142,2022-03-14,Brandenburg,98
467443777,51.8594184,13.5546466,0,2,0.3336813725490196,9.5534116081801,2022-03-14,Brandenburg,98
467443780,51.8552042,13.5511871,1,2,0.3173946078431373,13.356308446692507,2022-03-14,Brandenburg,98
467443783,51.856799,13.5490801,0,3,0.7874264705882352,13.05589706653602,2022-03-14,Brandenburg,98
467443785,51.8587188,13.5493388,0,2,0.3199583333333333,12.784447752158702,2022-03-14,Brandenburg,98
467443790,51.8609995,13.549686,0,2,0.3136225490196079,13.890270496018214,2022-03-14,Brandenburg,98
467443794,51.864812,13.55518,0,2,0.2458063725490196,5.890487982435319,2022-03-14,Brandenburg,98
467443798,51.8667114,13.5536482,0,2,0.3139819004524887,6.327962757166265,2022-03-14,Brandenburg,98
467443801,51.864812,13.5600613,0,3,0.3723259803921568,13.99303695099847,2022-03-14,Brandenburg,98
467443805,51.8651251,13.56482,0,3,0.5463137254901961,17.814306954087673,2022-03-14,Brandenburg,98
467443810,51.869312,13.5582368,2,6,0.444778783308195,10.26487381369933,2022-03-14,Brandenburg,98
467443814,51.8697886,13.5632678,2,6,0.4852212166918049,8.444182032924408,2022-03-14,Brandenburg,98
467443816,51.8719875,13.5581006,0,3,0.4424926470588234,5.48199248108569,2022-03-14,Brandenburg,98
467443820,51.870163,13.552947,0,2,0.5366421568627451,7.137341211419068,2022-03-14,Brandenburg,98
467443822,51.8727568,13.5518032,0,1,0.3799460784313725,6.837850238241108,2022-03-14,Brandenburg,98
467443830,51.8683725,13.5436269,0,3,0.2531813725490196,9.415303858308288,2022-03-14,Brandenburg,98
467443832,51.8702924,13.5438311,0,3,0.2669436274509804,8.508663362963143,2022-03-14,Brandenburg,98
467443834,51.87275,13.5459824,2,6,0.2190539215686275,17.347715536088874,2022-03-14,Brandenburg,98
467443839,51.8750239,13.5458667,2,6,0.2268676470588235,18.69348976402849,2022-03-14,Brandenburg,98
467443843,51.8750239,13.5509318,0,3,0.3590710784313725,7.297272340297834,2022-03-14,Brandenburg,98
467443846,51.8742478,13.5572088,0,3,0.4076642156862745,9.324550939043778,2022-03-14,Brandenburg,98
467443848,51.8760791,13.5556974,0,3,0.4846813725490196,22.694978900324863,2022-03-14,Brandenburg,98
467443850,51.8778696,13.5531444,0,3,0.3315122549019608,13.371473768230842,2022-03-14,Brandenburg,98
467451591,51.8664834,13.5433911,1,2,0.1829019607843137,12.00514352896284,2022-03-14,Brandenburg,98
467451764,51.8645346,13.5473227,2,6,0.4113872549019609,14.00655540009966,2022-03-14,Brandenburg,98
471456017,52.7168061,13.5946166,0,4,0.3905710784313726,12.482588967268214,2022-03-14,Brandenburg,78
471857489,51.8463883,13.6483321,0,4,0.4514338235294117,10.920715092692651,2022-03-14,Brandenburg,100
477562353,50.8465496,6.1349932,2,6,0.3434191176470588,16.68163254176823,2022-03-14,Nordrhein-Westfalen,98
568123907,51.5014989,8.4824609,2,6,0.1254583333333333,20.988383543413164,2022-03-14,Nordrhein-Westfalen,65
619477349,50.9726384,12.7248451,2,6,0.6226053921568627,16.07996674276774,2022-03-14,Sachsen,76
669046178,51.6665234,6.1885807,2,6,0.7315441176470587,17.692265433107245,2022-03-14,Nordrhein-Westfalen,78
669583308,52.1643174,14.181713,2,6,0.4452205882352942,8.882833589633465,2022-03-14,Brandenburg,65
669583310,52.163115,14.1851415,0,3,0.4561936274509804,10.830845638648986,2022-03-14,Brandenburg,65
736870909,53.8072475,10.5921879,2,6,0.3551617647058823,8.279534114774302,2022-03-14,Schleswig-Holstein,78
759767907,52.1661736,14.297987,2,6,0.3758480392156862,13.967549131717014,2022-03-14,Brandenburg,65
759767927,52.1665081,14.2953828,0,3,0.456389705882353,6.433829744967099,2022-03-14,Brandenburg,65
759767948,52.1051929,14.2391842,2,6,0.1374460784313725,26.998139542912444,2022-03-14,Brandenburg,63
760347798,51.9921823,14.2581159,2,6,0.2869130216189039,17.203212400959632,2022-03-14,Brandenburg,76
760347856,52.0409313,14.1413169,0,3,0.4987156862745097,13.468119865929095,2022-03-14,Brandenburg,65
1017044754,53.3390856,13.7730991,0,3,0.5087058823529411,11.518390516713136,2022-03-14,Brandenburg,75
1017044768,53.337152,13.770117,0,3,0.6696568627450981,7.697891322160445,2022-03-14,Brandenburg,75
1017044796,53.3371392,13.7732713,2,6,0.5303799019607842,5.206162589677143,2022-03-14,Brandenburg,75
1023365673,49.9756735,7.7863805,0,3,0.1865196078431372,13.515406749615096,2022-03-14,Rheinland-Pfalz,138
1023365682,49.9764853,7.7824233,2,6,0.1937156862745097,11.293086642921542,2022-03-14,Rheinland-Pfalz,138
1023365688,49.9749573,7.7903585,2,6,0.1304019607843137,14.556411149134371,2022-03-14,Rheinland-Pfalz,138
1023365696,49.9729797,7.7918038,2,6,0.1436372549019608,14.394823202963344,2022-03-14,Rheinland-Pfalz,138
1023817874,51.5083312,8.2022037,0,3,0.2981887254901961,23.851286376342347,2022-03-14,Nordrhein-Westfalen,69
1023818511,51.5065892,8.2025177,1,3,0.3595539215686275,17.89079459278769,2022-03-14,Nordrhein-Westfalen,65
1024056210,51.5183077,8.1795128,2,6,0.4919436274509803,11.089339852973293,2022-03-14,Nordrhein-Westfalen,70
1024056267,51.5152961,8.1814626,2,6,0.3143288084464555,12.270050239652925,2022-03-14,Nordrhein-Westfalen,70
1024056468,51.5180203,8.1871531,0,1,0.4398235294117647,7.687686261112098,2022-03-14,Nordrhein-Westfalen,70
1024810656,51.2809206,13.2096901,2,6,0.5311082749996777,13.576829136857125,2022-03-14,Sachsen,135
1027094445,51.5065488,8.1949725,0,3,0.3546642156862745,8.690881314955254,2022-03-14,Nordrhein-Westfalen,70
1027094533,51.5087644,8.1949915,0,3,0.3231421568627451,9.10168868688362,2022-03-14,Nordrhein-Westfalen,62
1029883082,50.7585747,13.3843143,2,6,0.615357843137255,17.13803175543467,2022-03-14,Sachsen,108
1038641972,50.8447444,6.2008023,0,2,0.3641397058823529,25.528981311975905,2022-03-14,Nordrhein-Westfalen,65
1067728383,51.4916017,8.3862363,0,1,0.3245122549019607,13.579561870662715,2022-03-14,Nordrhein-Westfalen,113
1067728416,51.4963543,8.3914181,2,6,0.446421568627451,7.218619247654306,2022-03-14,Nordrhein-Westfalen,65
1067728513,51.4962397,8.3869577,2,6,0.3007328431372548,18.90982379212231,2022-03-14,Nordrhein-Westfalen,65
1067728608,51.4916579,8.3901421,0,2,0.4782499999999999,6.968858444506796,2022-03-14,Nordrhein-Westfalen,113
1097198177,51.5737204,8.0179985,0,2,0.2347475490196078,13.111315459368829,2022-03-14,Nordrhein-Westfalen,64
1097198314,51.577037,7.9914602,0,2,0.2288823529411765,10.143295327741324,2022-03-14,Nordrhein-Westfalen,65
1097198330,51.5671855,7.9936602,2,6,0.3615686274509804,10.04701801984001,2022-03-14,Nordrhein-Westfalen,77
1097198465,51.5699739,7.9926055,2,6,0.421264705882353,20.585624594161157,2022-03-14,Nordrhein-Westfalen,77
1097198466,51.5686541,8.0162215,0,2,0.435142156862745,13.370793726294094,2022-03-14,Nordrhein-Westfalen,98
1097198557,51.5767215,7.9960395,0,4,0.2323455882352941,10.685364832521696,2022-03-14,Nordrhein-Westfalen,64
1097198565,51.5647068,7.9926632,2,6,0.4274191176470587,11.40118435018805,2022-03-14,Nordrhein-Westfalen,77
1097198573,51.5730218,7.9914413,2,6,0.4999436274509803,12.917690971762635,2022-03-14,Nordrhein-Westfalen,77
1097198614,51.5712767,7.9930621,2,6,0.5760196078431372,9.576452234695752,2022-03-14,Nordrhein-Westfalen,77
1097198680,51.5719404,8.0199704,0,2,0.3133651960784314,14.013244587530066,2022-03-14,Nordrhein-Westfalen,98
1097198741,51.5696676,8.0207047,2,6,0.3459044117647058,10.067888759202107,2022-03-14,Nordrhein-Westfalen,98
1097198865,51.5718357,8.0137845,0,5,0.3106127450980392,13.146777475935377,2022-03-14,Nordrhein-Westfalen,70
1097198921,51.5731187,7.9864661,2,6,0.3849632352941177,22.99672025439652,2022-03-14,Nordrhein-Westfalen,65
1097199056,51.571572,7.9879875,2,6,0.4435612745098039,20.12800369479683,2022-03-14,Nordrhein-Westfalen,66
1097199061,51.5744683,7.9917876,2,6,0.3900294117647059,24.469244098121585,2022-03-14,Nordrhein-Westfalen,77
1097199147,51.565667,7.998064,2,6,0.488281862745098,9.15281472210014,2022-03-14,Nordrhein-Westfalen,77
1097199277,51.576573,7.9873078,0,2,0.3197107843137255,18.299204465524845,2022-03-14,Nordrhein-Westfalen,70
1097199333,51.5686735,7.9930235,2,6,0.2912965686274509,12.077412957239943,2022-03-14,Nordrhein-Westfalen,77
1097199337,51.5698141,8.0135922,2,6,0.4118112745098039,17.855064784502275,2022-03-14,Nordrhein-Westfalen,70
1097199410,51.5707693,8.0166332,0,2,0.3752009803921569,16.698982389836335,2022-03-14,Nordrhein-Westfalen,70
1097199537,51.5745402,7.9895624,1,4,0.3440343137254902,14.29205276328386,2022-03-14,Nordrhein-Westfalen,77
1097199546,51.5659486,7.9931728,2,6,0.4118970588235294,8.169448660982795,2022-03-14,Nordrhein-Westfalen,77
1188355654,51.1976933,10.7263258,2,6,0.2591225490196078,13.842046240221176,2022-03-14,Thüringen,138
1194195879,54.4546753,9.1949024,2,6,0.3488823529411765,10.714064810306487,2022-03-14,Schleswig-Holstein,64
1301856952,51.5885633,7.9780977,0,4,0.420093137254902,18.708436731121896,2022-03-14,Nordrhein-Westfalen,77
1309276041,52.2711832,9.7215143,0,3,0.3300588235294117,23.23219600399428,2022-03-14,Niedersachsen,64
1309276042,52.2696249,9.7191264,0,4,0.2798970588235294,11.027221986325973,2022-03-14,Niedersachsen,64
1369654388,49.4673364,10.7496082,0,4,0.3437303921568627,10.717317082050204,2022-03-14,Bayern,138
1369654389,49.4689583,10.7453597,0,3,0.327421568627451,8.168248620179497,2022-03-14,Bayern,138
1392599337,54.5327977,9.1261612,0,4,0.2732328431372549,9.246972684480731,2022-03-14,Schleswig-Holstein,65
1392599387,54.5348612,9.125488,0,4,0.3080906862745097,7.957392089418434,2022-03-14,Schleswig-Holstein,65
1392599406,54.5308576,9.125264,0,4,0.2486789215686274,8.063953745750167,2022-03-14,Schleswig-Holstein,65
1483622501,51.5075889,8.3389896,0,3,0.1508014705882353,11.38847872724075,2022-03-14,Nordrhein-Westfalen,64
1546112900,50.6006985,9.1687193,2,6,0.352953431372549,11.389309745381352,2022-03-14,Hessen,138
1575815594,49.4976183,10.7227732,0,3,0.3643823529411764,7.381647379243732,2022-03-14,Bayern,138
1575815619,49.5002117,10.7220203,0,4,0.2402916666666666,13.875001400929804,2022-03-14,Bayern,138
1591744483,48.0122633,7.9040876,2,6,0.1449142156862745,8.667636783664014,2022-03-14,Baden-Württemberg,98
1597565539,51.5079582,8.3349874,2,6,0.1928112745098039,8.75815003562433,2022-03-14,Nordrhein-Westfalen,64
1597565545,51.5087481,8.3304049,2,6,0.2904191176470588,11.145852675339777,2022-03-14,Nordrhein-Westfalen,75
1599240025,51.5094244,8.3330134,2,6,0.2189436274509804,11.99488127282952,2022-03-14,Nordrhein-Westfalen,75
1599240062,51.5116467,8.3375965,0,3,0.3377254901960784,8.556578184778598,2022-03-14,Nordrhein-Westfalen,64
1599240063,51.5134497,8.3387905,0,2,0.4784142156862745,9.371936822411408,2022-03-14,Nordrhein-Westfalen,75
1599240064,51.5185118,8.3360789,2,6,0.6579019607843137,6.888928650082906,2022-03-14,Nordrhein-Westfalen,80
1740127185,51.2046867,10.9555351,0,3,0.2517941176470589,8.477104765064269,2022-03-14,Thüringen,98
1783528236,51.3006088,6.9070689,2,6,0.3216691176470588,14.536791240597513,2022-03-14,Nordrhein-Westfalen,50
1815584666,53.9443651,10.8256136,0,5,0.2767377450980393,9.6924626467525,2022-03-14,Schleswig-Holstein,78
1906493347,52.2689456,9.7134667,0,4,0.4293651960784314,22.04566384073441,2022-03-14,Niedersachsen,64
1916246078,50.5951939,9.183635,0,3,0.3463504901960784,9.462330258652743,2022-03-14,Hessen,138
1916246084,50.595476,9.1733183,0,3,0.3870098039215686,8.000557895248956,2022-03-14,Hessen,138
1916246094,50.5975619,9.1808694,0,4,0.3936985294117647,8.283405086108745,2022-03-14,Hessen,138
1916246103,50.6003249,9.172439,0,4,0.3438406862745098,6.7712042139159525,2022-03-14,Hessen,138
1920579865,52.1989306,7.6189315,2,6,0.1240073529411764,13.70768794028682,2022-03-14,Nordrhein-Westfalen,149
2028368186,51.9638381,13.7740583,2,6,0.3904411764705883,8.912442736503131,2022-03-14,Brandenburg,65
2028368194,51.9664521,13.7741048,2,6,0.3924730392156862,12.77595094642318,2022-03-14,Brandenburg,65
2028368199,51.9684272,13.7841884,0,2,0.3859142156862745,6.898838349632496,2022-03-14,Brandenburg,85
2028467033,51.8438955,13.650069,0,2,0.3208088235294118,11.420245746793466,2022-03-14,Brandenburg,99
2039626222,49.7360858,8.2002798,2,6,0.6881649069884364,10.369996982143448,2022-03-14,Rheinland-Pfalz,76
2041810668,51.1879551,10.7486826,0,4,0.3838161764705882,13.259746687432294,2022-03-14,Thüringen,138
2041810669,51.1952194,10.7337635,1,4,0.3398994469582704,12.197905594102508,2022-03-14,Thüringen,138
2051079359,51.648465,12.208278,2,6,0.2763946078431372,8.053775608603049,2022-03-14,Sachsen-Anhalt,68
2051079360,51.6492239,12.2126865,0,3,0.2095196078431372,15.438749190649816,2022-03-14,Sachsen-Anhalt,68
2083537050,50.9810252,12.7221436,2,6,0.6426936274509804,7.244857493179015,2022-03-14,Sachsen,98
2083537055,50.981458,12.7181725,2,6,0.5461666666666667,10.734796322361646,2022-03-14,Sachsen,65
2083537063,50.9832607,12.7178736,2,6,0.5358553921568627,11.86510254887844,2022-03-14,Sachsen,65
2183348359,53.9305005,10.531827,2,6,0.4599245852187029,9.1175139826595,2022-03-14,Schleswig-Holstein,30
2282227535,51.1787411,11.3468409,2,6,0.1727524509803921,12.066996733865004,2022-03-14,Thüringen,65
2288397417,51.4695781,6.3662575,2,6,0.6413995098039216,16.018291301099726,2022-03-14,Nordrhein-Westfalen,70
2302297709,53.9364576,10.8251641,0,4,0.3808676470588235,7.707523316523258,2022-03-14,Schleswig-Holstein,85
2303381793,48.4458292,9.746524,0,4,0.4963333333333334,12.716930400679452,2022-03-14,Baden-Württemberg,98
2303381794,48.4387251,9.7562294,0,4,0.5398946078431373,8.401059768615522,2022-03-14,Baden-Württemberg,89
2303387887,48.4486372,9.759196,0,4,0.6031225490196079,12.980850280274575,2022-03-14,Baden-Württemberg,138
2303387900,48.448059,9.764142,0,3,0.4767377450980392,9.253226257411166,2022-03-14,Baden-Württemberg,138
2303387907,48.4513325,9.7629887,0,3,0.4278602941176471,10.588787500732463,2022-03-14,Baden-Württemberg,138
2387896627,52.6379274,14.3195944,2,6,0.2144411764705882,8.756996520220138,2022-03-14,Brandenburg,65
2387896633,52.6398676,14.3183082,2,6,0.185860294117647,10.765726509699473,2022-03-14,Brandenburg,65
2387896650,52.6412779,14.315728,2,6,0.2523504901960784,13.28366320515528,2022-03-14,Brandenburg,65
2408236189,51.174758,11.3471345,2,6,0.1355073529411764,7.729383429252551,2022-03-14,Thüringen,65
2408236190,51.1755047,11.3442651,2,6,0.1922622549019608,9.981958732271432,2022-03-14,Thüringen,65
2426623842,51.4844905,6.5048979,2,6,0.4108995098039216,8.420007274381302,2022-03-14,Nordrhein-Westfalen,73
2539472958,52.0698784,7.4227936,2,6,0.5259558823529412,10.35652857980362,2022-03-14,Nordrhein-Westfalen,100
2684177013,53.383151,13.958,2,6,0.3989411764705882,9.021316483928098,2022-03-14,Brandenburg,73
2702800332,51.6159448,8.5578053,0,2,0.2456887254901961,11.436173919213802,2022-03-14,Nordrhein-Westfalen,64
2702800333,51.6252727,8.5530855,2,6,0.2711911764705882,13.689439728044052,2022-03-14,Nordrhein-Westfalen,65
2702800406,51.6213699,8.5682116,2,6,0.5492524509803921,23.61676388477477,2022-03-14,Nordrhein-Westfalen,73
2819434178,51.2433517,10.2917078,0,3,0.3846078431372549,8.407226748814937,2022-03-14,Thüringen,138
2819434184,51.2454625,10.2884741,0,3,0.4660196078431373,9.71323198162997,2022-03-14,Thüringen,138
2819434186,51.247418,10.2844803,0,2,0.229156862745098,10.023116887593607,2022-03-14,Thüringen,138
2819438927,51.2582686,10.2819092,0,3,0.3189019607843137,8.245508806632767,2022-03-14,Thüringen,138
3207409522,51.5935527,7.9412345,2,6,0.3356960784313725,12.275622330698338,2022-03-14,Nordrhein-Westfalen,65
3225553252,49.1956618,9.8928792,1,4,0.4115635997988939,18.736794355087408,2022-03-14,Baden-Württemberg,149
3289666617,51.5099838,8.1986693,0,4,0.2963161764705882,9.21512745355824,2022-03-14,Nordrhein-Westfalen,73
3320758143,51.4709836,6.3554831,0,2,0.730985294117647,16.666364619117235,2022-03-14,Nordrhein-Westfalen,70
3380862044,51.5518951,6.2597225,0,2,0.4298504901960784,9.073588651079609,2022-03-14,Nordrhein-Westfalen,98
3380862045,51.548285,6.2627874,0,4,0.1797745098039215,17.049438263743756,2022-03-14,Nordrhein-Westfalen,84
3380862049,51.5532062,6.2700091,0,2,0.3041813725490196,22.10854521055698,2022-03-14,Nordrhein-Westfalen,98
3462002585,47.9762562,11.4151667,2,6,0.319656862745098,13.455132977050416,2022-03-14,Bayern,149
3462002586,47.9817926,11.4108437,2,6,0.1030269607843137,23.117077332298404,2022-03-14,Bayern,149
3462002587,47.9849145,11.4049672,2,6,0.0883210784313725,32.837170795189934,2022-03-14,Bayern,149
3462002588,47.9889898,11.4022858,2,6,0.2514485294117646,19.8660973584061,2022-03-14,Bayern,149
3573073209,51.4760934,6.3622473,0,2,0.6819632352941176,21.681696631515848,2022-03-14,Nordrhein-Westfalen,70
3573073210,51.4769133,6.3589226,0,2,0.367796568627451,10.21302858227022,2022-03-14,Nordrhein-Westfalen,70
3594974393,51.4704897,6.4434638,0,5,0.543296568627451,16.10177820457652,2022-03-14,Nordrhein-Westfalen,73
3608437316,51.4718267,6.4317891,2,6,0.3410098039215686,16.726374477103885,2022-03-14,Nordrhein-Westfalen,73
3608437317,51.4724559,6.4431081,2,6,0.4478161764705882,21.195419175402467,2022-03-14,Nordrhein-Westfalen,73
3648043049,48.3872773,11.5188,2,6,0.276110294117647,9.605295920041527,2022-03-14,Bayern,149
3782524392,51.2752993,13.2187022,2,6,0.6183848039215686,12.871188420184078,2022-03-14,Sachsen,135
3782524397,51.279045,13.2136567,2,6,0.5761421568627451,9.47076642802378,2022-03-14,Sachsen,135
3851645213,51.6110158,8.518367,2,6,0.5984338235294117,17.192963417449207,2022-03-14,Nordrhein-Westfalen,65
3852415330,51.5892381,8.4955805,2,6,0.4410049019607843,19.93277541925602,2022-03-14,Nordrhein-Westfalen,50
3868037313,52.7917926,13.4532259,0,3,0.2784062342885872,7.7825599624815345,2022-03-14,Brandenburg,135
3894081061,51.5900856,6.7723909,0,4,0.1147990196078431,11.538466439284257,2022-03-14,Nordrhein-Westfalen,135
3986972554,53.3347463,13.7722394,0,3,0.3828970588235294,5.64150460507381,2022-03-14,Brandenburg,138
3986972555,53.334829,13.7768447,0,4,0.4398139768728004,8.161808148237396,2022-03-14,Brandenburg,138
3986972556,53.3393955,13.7671737,0,4,0.5915294117647059,7.473518829824857,2022-03-14,Brandenburg,73
3986975657,53.3415022,13.7753234,0,3,0.4525441176470588,11.542662822402756,2022-03-14,Brandenburg,73
3987029855,53.3185545,13.7258353,2,6,0.4006838235294117,9.616384167796276,2022-03-14,Brandenburg,73
3987029856,53.3208484,13.7209179,2,6,0.3551397058823529,15.588661179849156,2022-03-14,Brandenburg,73
3996237478,51.3465248,13.3831483,2,6,0.5885098039215686,9.974742222693845,2022-03-14,Sachsen,135
4001358834,53.3452903,13.8876502,2,6,0.2912418300653595,12.196074165013584,2022-03-14,Brandenburg,138
4001586656,53.3585334,13.9024663,0,2,0.3321348039215686,8.945813590329209,2022-03-14,Brandenburg,138
4002312803,53.3647019,13.9244146,0,2,0.2099117647058823,9.479778497927692,2022-03-14,Brandenburg,138
4002658665,53.3760347,13.9426235,0,5,0.3381887254901961,8.822377368036232,2022-03-14,Brandenburg,138
4002658666,53.3800262,13.9201497,0,4,0.1937254901960784,15.652975912766044,2022-03-14,Brandenburg,149
4002774525,53.3717414,13.9615342,0,5,0.1350563725490196,10.4292301353141,2022-03-14,Brandenburg,138
4035076641,51.5176902,8.34042,2,6,0.2540808823529412,12.093577388823936,2022-03-14,Nordrhein-Westfalen,73
4043329411,51.8586237,13.5655403,0,4,0.2847156862745097,10.87646308403706,2022-03-14,Brandenburg,65
4043329412,51.8598893,13.5627937,2,6,0.3648333333333333,12.778580905120553,2022-03-14,Brandenburg,65
4043329413,51.8609263,13.5597534,0,5,0.3971862745098039,7.481179338683069,2022-03-14,Brandenburg,65
4043329414,51.8671044,13.5590319,2,6,0.3894901960784314,11.170119213862913,2022-03-14,Brandenburg,108
4043329415,51.8672647,13.5641436,0,4,0.6625539215686275,9.068133346306468,2022-03-14,Brandenburg,108
4043329416,51.8685677,13.5485271,0,4,0.6773210784313726,11.79796175088901,2022-03-14,Brandenburg,108
4043329419,51.8774075,13.5638233,0,4,0.2125710784313725,13.545216699389533,2022-03-14,Brandenburg,135
4043329423,51.8781534,13.5469459,2,6,0.4133480392156862,14.430644010272209,2022-03-14,Brandenburg,135
4046516208,52.5364353,14.3328279,0,3,0.2083235294117646,7.466303077574942,2022-03-14,Brandenburg,137
4046516212,52.5395402,14.3351168,0,3,0.2429877450980392,7.454589804212072,2022-03-14,Brandenburg,137
4046516215,52.5414911,14.3390661,0,3,0.2290024509803921,11.145785301912715,2022-03-14,Brandenburg,137
4056972284,51.848886,13.64499,0,4,0.301389705882353,6.786743644883525,2022-03-14,Brandenburg,100
4090572246,51.9622518,13.7779069,0,3,0.4625465686274509,10.941192966774224,2022-03-14,Brandenburg,65
4090611497,53.9272032,10.5462828,2,6,0.35075,6.749984620749961,2022-03-14,Schleswig-Holstein,99
4090611505,53.9291044,10.5424424,0,4,0.2423700980392156,9.128744281912583,2022-03-14,Schleswig-Holstein,99
4090611514,53.932504,10.5409454,0,2,0.408813725490196,11.785187772662518,2022-03-14,Schleswig-Holstein,99
4090611532,53.9356673,10.5422801,0,1,0.5079142156862745,8.679749770654512,2022-03-14,Schleswig-Holstein,99
4090611544,53.9387209,10.5442568,0,2,0.2802745098039215,6.49193053198178,2022-03-14,Schleswig-Holstein,99
4090611553,53.941686,10.5456493,0,4,0.3295424836601307,10.298047771952756,2022-03-14,Schleswig-Holstein,99
4117125939,51.5740826,7.9766586,0,4,0.2602769607843136,18.276910427796818,2022-03-14,Nordrhein-Westfalen,75
4162023714,51.7058704,8.0872656,0,4,0.4519240196078431,11.378389540835428,2022-03-14,Nordrhein-Westfalen,141
4172624028,48.3003048,7.8976545,2,6,0.14075,16.253083095137008,2022-03-14,Baden-Württemberg,149
4197542337,51.5741432,8.0132074,0,3,0.1820739064856712,11.33312656055382,2022-03-14,Nordrhein-Westfalen,70
4244263041,52.2165042,14.2319012,0,3,0.2616446078431372,8.682808263303786,2022-03-14,Brandenburg,68
4244263042,52.2173643,14.2279031,0,4,0.3774338235294117,6.5265942253319125,2022-03-14,Brandenburg,68
4274111752,51.7065447,8.0841534,0,4,0.4918872549019608,11.150234178720048,2022-03-14,Nordrhein-Westfalen,141
4281474128,51.6016116,7.9447353,0,4,0.3126617647058823,12.374569333509958,2022-03-14,Nordrhein-Westfalen,65
4354530807,47.88626,10.78327,2,6,0.1198308823529411,21.505768925637785,2022-03-14,Bayern,149
4354530814,47.89002,10.78371,2,6,0.0967475490196078,13.729543513329691,2022-03-14,Bayern,149
4354530816,47.89365,10.78345,0,4,0.1276323529411764,18.904373585882787,2022-03-14,Bayern,149
4354530817,47.8964833,10.78245,2,6,0.1485857843137254,15.87802739527856,2022-03-14,Bayern,149
4358888421,51.8189016,8.9253573,0,4,0.4272423328305681,14.180896740736795,2022-03-14,Nordrhein-Westfalen,135
4406861987,51.5532522,6.2466258,2,6,0.2492009803921568,24.23382125764138,2022-03-14,Nordrhein-Westfalen,60
4456923448,51.6049525,8.5198648,2,6,0.4238357843137255,15.058363918074306,2022-03-14,Nordrhein-Westfalen,32
4528867456,47.7202418,7.9469324,2,6,0.0859362745098039,13.022993370624732,2022-03-14,Baden-Württemberg,149
4528867474,47.7166635,7.9350315,2,6,0.1027965686274509,25.552843183546614,2022-03-14,Baden-Württemberg,149
4528867592,47.7122449,7.9276397,2,6,0.148438725490196,21.51277537546224,2022-03-14,Baden-Württemberg,149
4528867610,47.709737,7.935356,2,6,0.1134926470588235,18.69590063273494,2022-03-14,Baden-Württemberg,149
4528867640,47.708249,7.9262802,2,6,0.1193063725490196,25.39582471958708,2022-03-14,Baden-Württemberg,149
4580673681,53.3706331,13.9162691,2,6,0.250031862745098,9.39944127734292,2022-03-14,Brandenburg,138
4580673682,53.3719813,13.913229,2,6,0.1849926470588235,7.336020094928418,2022-03-14,Brandenburg,138
4584325018,53.3998701,14.1547591,2,6,0.2447058823529411,9.774147042487048,2022-03-14,Brandenburg,108
4616277424,51.4690615,6.2589488,0,3,0.5584632352941176,11.610014726983769,2022-03-14,Nordrhein-Westfalen,64
4674663979,51.862913,13.573492,0,2,0.3865122549019608,6.852161754467942,2022-03-14,Brandenburg,149
4674663980,51.865809,13.571353,0,4,0.268499245852187,11.980732911506792,2022-03-14,Brandenburg,149
4675545554,49.221125,9.8243117,2,6,0.2880392156862745,6.559499510626329,2022-03-14,Baden-Württemberg,149
4716448876,53.9338685,10.5649495,0,3,0.2763823529411764,17.095737353625868,2022-03-14,Schleswig-Holstein,99
4716448905,53.9362339,10.5802222,0,1,0.3804044117647058,9.733816641301038,2022-03-14,Schleswig-Holstein,99
4716448911,53.9365289,10.5644498,0,1,0.6163725490196079,14.53961267430306,2022-03-14,Schleswig-Holstein,99
4716448917,53.9372497,10.5576982,1,5,0.4317475490196079,9.186722516193727,2022-03-14,Schleswig-Holstein,99
4716448919,53.9372396,10.575247,0,1,0.2729436274509804,5.360496889166694,2022-03-14,Schleswig-Holstein,99
4716448939,53.9390802,10.5720971,0,2,0.5426274509803921,18.29377245238765,2022-03-14,Schleswig-Holstein,99
4716448940,53.939145,10.5811899,0,3,0.3460710784313726,15.494357126909398,2022-03-14,Schleswig-Holstein,99
4716448947,53.9419643,10.5796416,0,2,0.3450735294117647,6.146625182170528,2022-03-14,Schleswig-Holstein,99
4725364860,53.8070466,10.3236353,2,6,0.5553210784313726,16.62293709797947,2022-03-14,Schleswig-Holstein,99
4743922796,52.477098,8.4081391,2,6,0.2741666666666666,7.602030656847235,2022-03-14,Niedersachsen,73
4779877921,52.438347,14.482875,0,2,0.3435545500251383,5.485962415114338,2022-03-14,Brandenburg,135
4779877922,52.442095,14.48467,0,2,0.2896128707893414,11.614699662471612,2022-03-14,Brandenburg,135
4779877923,52.448642,14.487183,0,1,0.2515759803921568,11.80055964875815,2022-03-14,Brandenburg,135
4793724628,50.8390014,6.1971459,0,4,0.6009901960784314,14.582737664281153,2022-03-14,Nordrhein-Westfalen,73
4793724633,50.8401671,6.2016625,0,4,0.2963725490196078,20.11161424708912,2022-03-14,Nordrhein-Westfalen,98
4807999948,52.1982977,7.6298638,0,3,0.4520637254901959,10.65656841359048,2022-03-14,Nordrhein-Westfalen,149
4807999949,52.2060765,7.6199933,2,6,0.1292524509803921,13.535256179725716,2022-03-14,Nordrhein-Westfalen,149
4807999950,52.2036865,7.6222034,0,4,0.1885906862745098,25.07414946495424,2022-03-14,Nordrhein-Westfalen,149
4807999951,52.204155,7.6148998,0,4,0.1370024509803921,22.13062739371192,2022-03-14,Nordrhein-Westfalen,149
4807999952,52.2016037,7.6172601,0,5,0.2820186023127199,8.317852483889991,2022-03-14,Nordrhein-Westfalen,149
4807999953,52.1997856,7.6259558,0,4,0.4566348039215686,15.451657601701644,2022-03-14,Nordrhein-Westfalen,149
4811733765,51.3893312,6.3697764,0,3,0.6212352941176471,5.493515412969192,2022-03-14,Nordrhein-Westfalen,78
4816723456,48.9633615,10.0631326,0,4,0.1226274509803921,15.24005511253196,2022-03-14,Baden-Württemberg,149
4816723457,48.9660117,10.0597557,2,6,0.1087181372549019,17.795183288041038,2022-03-14,Baden-Württemberg,149
4816723458,48.9701765,10.0540312,2,6,0.1397745098039216,14.507376993894368,2022-03-14,Baden-Württemberg,149
4833515970,53.3280484,13.7756464,0,3,0.2081176470588235,19.04411947598396,2022-03-14,Brandenburg,138
4839138347,51.460169,6.2602051,0,4,0.5856029411764705,27.373103830858717,2022-03-14,Nordrhein-Westfalen,64
4907889192,52.0047254,10.0167943,0,2,0.3601323529411764,23.78842613176203,2022-03-14,Niedersachsen,135
4907889193,52.0076126,10.0165177,0,2,0.414264705882353,9.834170273406531,2022-03-14,Niedersachsen,135
4907889194,52.0101952,10.0155127,0,2,0.3323995098039216,7.095574686358956,2022-03-14,Niedersachsen,135
4922732197,52.67585,13.666386,0,3,0.2513504901960784,9.876060395771397,2022-03-14,Brandenburg,149
4958773189,48.2338971,7.9809408,0,4,0.1838039215686274,17.936725979232296,2022-03-14,Baden-Württemberg,135
4988647394,53.5913527,10.6503168,0,4,0.2214044117647059,13.3041648215769,2022-03-14,Schleswig-Holstein,138
4988656277,53.5938353,10.64884,0,2,0.2271691176470588,9.61177135030965,2022-03-14,Schleswig-Holstein,138
4988680540,53.5893461,10.6532121,0,4,0.2586936274509804,9.29435728867598,2022-03-14,Schleswig-Holstein,138
4990070364,49.7319642,9.7039638,0,4,0.4135024509803922,11.376274914317149,2022-03-14,Bayern,138
4994723236,53.9288568,10.5567549,0,3,0.3529191176470588,12.324491310330451,2022-03-14,Schleswig-Holstein,99
4994737394,53.9314422,10.5557885,0,2,0.3962647058823529,8.190784458256445,2022-03-14,Schleswig-Holstein,99
4994742764,53.9342822,10.5562046,0,2,0.4482573529411764,14.06339011962526,2022-03-14,Schleswig-Holstein,99
4994775208,53.9378198,10.5507883,0,2,0.421014705882353,9.398014648818604,2022-03-14,Schleswig-Holstein,99
4994782986,53.9350116,10.5489541,0,3,0.3217279411764706,7.29232487847302,2022-03-14,Schleswig-Holstein,99
4994788740,53.932015,10.5482898,0,2,0.4175588235294118,6.730132269101714,2022-03-14,Schleswig-Holstein,99
5004291514,49.7353004,9.703557,2,6,0.0779264705882352,15.8678230812175,2022-03-14,Bayern,149
5016404096,51.4851735,6.4459113,0,1,0.5270367647058823,22.704910548423445,2022-03-14,Nordrhein-Westfalen,149
5016404097,51.4842756,6.4511867,0,2,0.2400171568627451,10.560652809600974,2022-03-14,Nordrhein-Westfalen,149
5016404098,51.4836805,6.456881,0,2,0.3548161764705883,21.69861648266891,2022-03-14,Nordrhein-Westfalen,149
5023782773,51.4695271,6.4083874,0,2,0.5450563725490197,23.725791567397565,2022-03-14,Nordrhein-Westfalen,73
5028590549,49.2384798,9.8060784,0,4,0.3120196078431372,11.30611408798649,2022-03-14,Baden-Württemberg,149
5028590550,49.2414709,9.8102975,0,2,0.2087745098039215,13.926331417833026,2022-03-14,Baden-Württemberg,149
5028590551,49.2413474,9.8167991,0,2,0.331421568627451,14.087024528353446,2022-03-14,Baden-Württemberg,149
5028590552,49.2443619,9.8147043,0,2,0.2579926470588236,16.773791603119015,2022-03-14,Baden-Württemberg,149
5116887329,52.0363173,7.4288903,2,6,0.4080710784313725,7.295573483094798,2022-03-14,Nordrhein-Westfalen,73
5116887330,52.03674,7.4401471,2,6,0.5149852941176472,13.752650205878409,2022-03-14,Nordrhein-Westfalen,73
5147546106,52.6671432,8.5234509,0,3,0.4403167420814479,7.174257883747955,2022-03-14,Niedersachsen,104
5241100123,53.218965,13.962907,2,6,0.3760343137254901,7.782687563425452,2022-03-14,Brandenburg,135
5241100124,53.222196,13.953033,0,2,0.2201004901960784,9.260149853770598,2022-03-14,Brandenburg,135
5241100125,53.225045,13.955076,0,5,0.3034681372549019,9.353168721318198,2022-03-14,Brandenburg,135
5246286436,53.409139,14.048687,0,3,0.4201323529411765,5.927317596941245,2022-03-14,Brandenburg,138
5246325209,53.2558075,14.0241324,2,6,0.3118480392156863,9.051170631626482,2022-03-14,Brandenburg,138
5248739798,52.0089591,10.0240996,0,3,0.4150759803921568,13.612623157093164,2022-03-14,Niedersachsen,135
5248739799,52.0118936,10.0226651,0,2,0.351593137254902,12.895420797191925,2022-03-14,Niedersachsen,135
5349206473,53.5890011,10.6483599,0,3,0.2436151960784313,15.077220818420344,2022-03-14,Schleswig-Holstein,138
5349216656,53.5920321,10.6452342,0,3,0.3858651960784313,6.457216345780856,2022-03-14,Schleswig-Holstein,138
5370240558,51.4574839,6.415329,0,3,0.5871176470588235,25.89302897891162,2022-03-14,Nordrhein-Westfalen,73
5370240559,51.4597679,6.4136769,0,4,0.2241299019607843,24.258542542982592,2022-03-14,Nordrhein-Westfalen,73
5370240560,51.4608747,6.4099793,0,3,0.5352156862745099,16.369873677338333,2022-03-14,Nordrhein-Westfalen,73
5401341948,51.6550283,6.2081521,0,2,0.2695465686274509,19.04438652716661,2022-03-14,Nordrhein-Westfalen,149
5426993606,52.7917941,13.462345,2,6,0.2509877450980392,19.46287327353352,2022-03-14,Brandenburg,138
5426993607,52.79305,13.457273,0,4,0.4357818627450981,14.684029298932773,2022-03-14,Brandenburg,138
5459192510,51.9440466,10.4932467,0,3,0.4939362745098039,12.565182920455658,2022-03-14,Niedersachsen,122
5469971594,51.4734107,6.4363098,0,2,0.2448480392156862,13.798107959734187,2022-03-14,Nordrhein-Westfalen,149
5469975716,51.4896463,6.3990477,0,1,0.5846078431372549,17.978396349540173,2022-03-14,Nordrhein-Westfalen,135
5469975717,51.4890686,6.4046322,0,1,0.3041519607843137,14.821329139932702,2022-03-14,Nordrhein-Westfalen,135
5469975718,51.4943504,6.3972023,0,1,0.6144926470588236,7.481048492186712,2022-03-14,Nordrhein-Westfalen,135
5469975719,51.4929428,6.4015441,0,1,0.4498333333333332,11.173607910280031,2022-03-14,Nordrhein-Westfalen,135
5536137015,52.435078,14.481648,2,6,0.3576372549019608,10.275969042775094,2022-03-14,Brandenburg,135
5536137016,52.431686,14.478893,0,5,0.3712622549019608,8.780890320227876,2022-03-14,Brandenburg,135
5627043340,49.1933717,9.8904419,0,4,0.4598210784313725,15.238056306504792,2022-03-14,Baden-Württemberg,149
5696000321,52.597509,13.662728,0,2,0.4478823529411764,7.520170846573616,2022-03-14,Brandenburg,149
5696000322,52.600321,13.661742,0,1,0.3533578431372549,12.67781699870093,2022-03-14,Brandenburg,149
5696000323,52.602794,13.659392,0,1,0.3289607843137254,6.776917079748604,2022-03-14,Brandenburg,149
5734646700,51.7114404,7.6615514,2,6,0.3050906862745098,10.157052797666068,2022-03-14,Nordrhein-Westfalen,158
5763436886,50.8459795,6.1299699,0,3,0.4467647058823529,9.962519754640718,2022-03-14,Nordrhein-Westfalen,98
5894408593,51.7129241,8.1144923,0,5,0.3405416666666667,16.89308563731121,2022-03-14,Nordrhein-Westfalen,138
5894408594,51.7103647,8.1136823,0,4,0.3237573529411764,15.280780422121998,2022-03-14,Nordrhein-Westfalen,138
5975708758,51.969278,13.420754,2,6,0.1236274509803921,16.424279985201732,2022-03-14,Brandenburg,149
5975708759,51.971526,13.416802,2,6,0.0939583333333333,15.353198131208124,2022-03-14,Brandenburg,149
5975708760,51.975992,13.4212314,0,4,0.0858578431372549,11.737622693464315,2022-03-14,Brandenburg,149
6045618362,51.5432617,7.3482961,0,4,0.3635980392156863,6.113319773083005,2022-03-14,Nordrhein-Westfalen,138
6065835854,53.6512624,9.3162808,0,3,0.2337279411764705,25.927838529757345,2022-03-14,Niedersachsen,104
6065850190,53.6534108,9.3193921,0,2,0.387156862745098,27.84458175952134,2022-03-14,Niedersachsen,104
6065866174,53.6535733,9.3235459,0,3,0.4553578431372548,21.270631212873315,2022-03-14,Niedersachsen,104
6065914661,53.6511028,9.3204638,0,4,0.518764705882353,9.168551928929071,2022-03-14,Niedersachsen,104
6065922890,53.6516896,9.3253229,0,3,0.2095931372549019,15.95032269846427,2022-03-14,Niedersachsen,104
6155792831,52.8426587,9.0481281,0,1,0.5091887254901961,7.704383107501793,2022-03-14,Niedersachsen,149
6155835605,52.8391619,9.0473476,0,3,0.3206385118149824,9.91661228982696,2022-03-14,Niedersachsen,149
6155835606,52.8500775,9.0604058,0,3,0.3346176470588236,9.26775683545697,2022-03-14,Niedersachsen,149
6155835607,52.8467046,9.05811,0,2,0.3330098039215686,9.015418671772542,2022-03-14,Niedersachsen,149
6155835608,52.8493127,9.0667259,0,3,0.436921568627451,16.26975697729995,2022-03-14,Niedersachsen,149
6155835609,52.8455729,9.0654206,0,4,0.5274044117647059,17.446722511217953,2022-03-14,Niedersachsen,149
6155835610,52.8424484,9.0644404,0,3,0.4207205882352942,8.485102871464328,2022-03-14,Niedersachsen,149
6155864906,52.848125,9.07264,0,3,0.326781862745098,10.2495195191109,2022-03-14,Niedersachsen,149
6155864907,52.8445964,9.0724701,0,4,0.3798529411764705,16.444857545422817,2022-03-14,Niedersachsen,149
6156813060,52.6882497,9.0810565,0,3,0.5049779411764705,10.19104884564944,2022-03-14,Niedersachsen,73
6157107741,53.0156131,8.1157386,2,6,0.4816249999999998,11.45485852820725,2022-03-14,Niedersachsen,135
6157107742,53.0125666,8.1164898,2,6,0.4482867647058823,8.298174142554037,2022-03-14,Niedersachsen,135
6157107747,53.0091197,8.1139262,2,6,0.536843137254902,9.728044509499998,2022-03-14,Niedersachsen,135
6157158311,53.0072881,8.1020899,2,6,0.5610686274509804,8.073549519981814,2022-03-14,Niedersachsen,135
6157158312,53.0051298,8.1058128,2,6,0.556203431372549,10.65719917859175,2022-03-14,Niedersachsen,135
6157158313,53.0046192,8.1121065,2,6,0.5217303921568627,8.353893050538282,2022-03-14,Niedersachsen,135
6171424307,51.2433774,14.1604918,2,6,0.4300955882352941,8.03522556996552,2022-03-14,Sachsen,138
6173212674,51.2574198,12.8494556,2,6,0.5273480392156863,12.065713842084309,2022-03-14,Sachsen,75
6203973644,49.0496818,10.1194415,0,2,0.4260686274509803,11.786444196985856,2022-03-14,Baden-Württemberg,149
6203973664,49.056192,10.1247091,0,3,0.1324583333333333,13.25904608961277,2022-03-14,Baden-Württemberg,149
6203973680,49.0593757,10.1292944,0,4,0.1181323529411765,15.753928750589951,2022-03-14,Baden-Württemberg,149
6210163473,48.9958508,10.2581323,2,6,0.2875024509803922,9.115862877702162,2022-03-14,Baden-Württemberg,73
6238529848,51.9044443,13.743606,0,4,0.2539632352941177,12.19687480852303,2022-03-14,Brandenburg,138
6238529849,51.90786,13.744447,0,5,0.1853946078431372,17.040839660366096,2022-03-14,Brandenburg,138
6238529850,51.911086,13.744308,2,6,0.3166767219708395,3.397044069132621,2022-03-14,Brandenburg,138
6250160140,50.9836722,12.7217936,2,6,0.714825980392157,15.40729405216254,2022-03-14,Sachsen,64
6284661904,52.0227115,7.6926975,1,2,0.2334117647058823,10.023654099327995,2022-03-14,Nordrhein-Westfalen,159
6299227515,49.5999678,7.2130179,0,5,0.5177720588235294,7.423688339578248,2022-03-14,Rheinland-Pfalz,138
6300928045,50.1130889,7.5430414,0,3,0.2040098039215686,13.83491264597105,2022-03-14,Rheinland-Pfalz,149
6312356347,51.0744027,6.9706578,0,4,0.4978848039215686,15.208473860954484,2022-03-14,Nordrhein-Westfalen,64
6312372693,51.0761976,6.9668618,2,6,0.213360294117647,11.4287189867503,2022-03-14,Nordrhein-Westfalen,64
6398110432,51.894869,13.741315,0,3,0.2561689291101056,9.051612265069895,2022-03-14,Brandenburg,138
6398110433,51.897396,13.738774,0,3,0.1827083333333333,13.564333854229943,2022-03-14,Brandenburg,138
6398110434,51.899788,13.7413961,0,3,0.2274509803921568,11.272065570041937,2022-03-14,Brandenburg,138
6398110435,51.899688,13.7370381,0,2,0.2143970588235294,7.250831648729427,2022-03-14,Brandenburg,138
6398110436,51.903982,13.738328,0,4,0.1722696078431372,11.77240224650179,2022-03-14,Brandenburg,138
6511498378,49.6720018,8.1965444,0,1,0.5005196078431373,15.78007388844301,2022-03-14,Rheinland-Pfalz,129
6518999865,53.503051,13.819143,0,5,0.2169093137254902,8.590258211830708,2022-03-14,Brandenburg,135
6611688732,54.4519228,9.1981524,0,4,0.397781862745098,10.198331481235597,2022-03-14,Schleswig-Holstein,64
6687208909,54.1411888,10.9174356,0,2,0.2353063725490196,7.194851795332638,2022-03-14,Schleswig-Holstein,92
6749276966,53.1338726,8.7096815,2,6,0.2185539215686274,8.654752212337465,2022-03-14,Bremen,108
6896834116,52.595686,13.65019,0,1,0.230110294117647,16.628458358926665,2022-03-14,Brandenburg,135
6896834117,52.593655,13.6569475,0,1,0.2543259803921568,11.359996701284802,2022-03-14,Brandenburg,135
6936897513,53.345726,13.7543199,0,1,0.2892941176470588,16.744264473505684,2022-03-14,Brandenburg,135
6937408704,53.342298,13.7466241,1,2,0.3209338235294117,8.893521417446053,2022-03-14,Brandenburg,135
6937408705,53.342959,13.761413,0,3,0.3691544117647059,13.867075673667662,2022-03-14,Brandenburg,135
6937408706,53.345011,13.758736,0,1,0.3927254901960785,15.720483113731222,2022-03-14,Brandenburg,135
6937408707,53.3411119,13.7573811,1,3,0.3653897058823528,10.89387265719062,2022-03-14,Brandenburg,135
6937408708,53.3431339,13.7529162,0,1,0.286406862745098,18.867544591925725,2022-03-14,Brandenburg,135
7221273611,52.6489659,14.025255,0,2,0.2498872549019608,16.620565149974876,2022-03-14,Brandenburg,135
7221273612,52.645964,14.032963,0,1,0.3881519607843137,14.351541293869149,2022-03-14,Brandenburg,135
7221273613,52.643384,14.038303,0,1,0.4125367647058823,14.795515183882824,2022-03-14,Brandenburg,135
7235337963,51.921278,13.749753,0,3,0.2884583333333333,12.161729030552276,2022-03-14,Brandenburg,138
7235337964,51.923216,13.748565,0,4,0.2064404223227752,11.253436749832009,2022-03-14,Brandenburg,138
7235337965,51.920213,13.753893,0,5,0.2469656862745098,9.747156208825055,2022-03-14,Brandenburg,138
7266549175,51.5807789,6.2026196,2,6,0.2040931372549019,12.131470189867736,2022-03-14,Nordrhein-Westfalen,103
7266549176,51.5784618,6.2048993,2,6,0.1954751131221719,9.58211660601825,2022-03-14,Nordrhein-Westfalen,103
7266549179,51.5843238,6.204805,0,4,0.2037671568627451,10.351914614144423,2022-03-14,Nordrhein-Westfalen,84
7266672708,51.5847971,6.1973241,0,4,0.2710612745098039,21.54332891746879,2022-03-14,Nordrhein-Westfalen,84
7352355403,53.332141,13.779432,0,2,0.307125,10.537657160350609,2022-03-14,Brandenburg,160
7644299685,50.1488157,11.7499065,2,6,0.5479142156862745,16.10935898740045,2022-03-14,Bayern,138
7765447439,53.0561147,13.9779587,2,6,0.2959975490196078,9.621054863872716,2022-03-14,Brandenburg,160
7887944732,52.465373,14.437692,0,3,0.1668946078431372,14.592145803378036,2022-03-14,Brandenburg,160
7887944733,52.459571,14.435102,1,2,0.2123480392156862,13.70746608754664,2022-03-14,Brandenburg,160
7893047117,53.339515,13.761347,0,5,0.411216691804927,8.402392347445607,2022-03-14,Brandenburg,138
7926558459,51.1377793,11.9557625,2,6,0.5642058823529412,6.630866492478197,2022-03-14,Sachsen-Anhalt,160
7926558460,51.1443091,11.9530122,2,6,0.5420686274509805,11.125965346111288,2022-03-14,Sachsen-Anhalt,135
7926558461,51.1454409,11.9588054,2,6,0.4742377450980392,8.94679543821756,2022-03-14,Sachsen-Anhalt,160
7926558462,51.1484696,11.9582623,2,6,0.6373431372549019,12.102566754418358,2022-03-14,Sachsen-Anhalt,131
7926558463,51.1481156,11.9637797,2,6,0.4832058823529412,11.409630883191864,2022-03-14,Sachsen-Anhalt,160
7926558464,51.1488041,11.9705779,2,6,0.5496372549019607,12.24244362825943,2022-03-14,Sachsen-Anhalt,135
7928321001,51.1252192,11.9514769,2,6,0.6100024509803922,12.436943370673411,2022-03-14,Sachsen-Anhalt,135
7956312861,53.275654,13.965821,0,2,0.227110294117647,19.205750826104047,2022-03-14,Brandenburg,160
7956312862,53.2714859,13.967211,0,2,0.1996862745098039,13.41864961598522,2022-03-14,Brandenburg,160
7956312863,53.269081,13.9590271,0,3,0.2012328431372549,13.888628458808414,2022-03-14,Brandenburg,160
8281183111,51.872011,13.565499,2,6,0.132008547008547,14.709108376673568,2022-03-14,Brandenburg,131
8281183112,51.869003,13.568579,0,4,0.3809926470588235,7.010746238301606,2022-03-14,Brandenburg,131
8281183115,51.853272,13.548372,2,6,0.5292426470588235,13.657652065797272,2022-03-14,Brandenburg,131
8284561698,53.283386,13.9559,2,6,0.1797401960784314,12.006875234254403,2022-03-14,Brandenburg,160
8408959661,51.4549081,6.4094601,0,2,0.4785808823529411,4.235929657425735,2022-03-14,Nordrhein-Westfalen,135
8408959662,51.4568476,6.4038692,0,3,0.2958308823529412,12.81340493643065,2022-03-14,Nordrhein-Westfalen,158
8408959665,51.4592107,6.3983244,0,2,0.3883308823529411,10.073681160222824,2022-03-14,Nordrhein-Westfalen,158
8408959668,51.4630693,6.3954116,0,2,0.2963161764705882,10.91860990406783,2022-03-14,Nordrhein-Westfalen,135
8408959671,51.4668726,6.3958971,1,3,0.2374681372549019,14.681680971684829,2022-03-14,Nordrhein-Westfalen,135
8408984044,51.4803985,6.3602228,0,2,0.2845049019607844,18.96930783701343,2022-03-14,Nordrhein-Westfalen,135
8408984047,51.4807416,6.3741452,0,2,0.4053480392156863,3.971154248758827,2022-03-14,Nordrhein-Westfalen,135
8638167219,51.5201427,8.835606,0,4,0.2340833333333333,17.215380368066853,2022-03-14,Nordrhein-Westfalen,160
8638167220,51.5168502,8.8436178,2,6,0.2286397058823529,22.15416653877953,2022-03-14,Nordrhein-Westfalen,135
8638167221,51.5195115,8.843099,2,6,0.1899572649572649,17.515010804257415,2022-03-14,Nordrhein-Westfalen,135
8662325062,53.3904825,9.2878306,0,2,0.2747230392156863,9.729043723432737,2022-03-14,Niedersachsen,64
8662325063,53.3886041,9.2893384,0,3,0.3538995098039216,8.54630794184602,2022-03-14,Niedersachsen,64
8662325064,53.3866452,9.2909973,0,2,0.4328063725490196,8.14195177730201,2022-03-14,Niedersachsen,64
8665531163,54.099698,12.2256316,2,6,0.2657401960784313,15.711420263996098,2022-03-14,Mecklenburg-Vorpommern,135
8668689088,54.2315033,8.9171007,0,2,0.1809803921568627,7.325147689961029,2022-03-14,Schleswig-Holstein,116
8712063979,51.3313439,7.5842678,2,6,0.1696519607843137,16.783781888553552,2022-03-14,Nordrhein-Westfalen,104
8712063980,51.3340407,7.5867783,2,6,0.1827023629964806,18.778269416600025,2022-03-14,Nordrhein-Westfalen,104
8725404855,52.593922,13.495392,0,4,0.2110147058823529,15.658042494323736,2022-03-14,Berlin,160
8729456983,54.0657887,9.3701602,1,1,0.3364926470588235,10.843468153043782,2022-03-14,Schleswig-Holstein,126
8787692632,49.0012339,11.7012028,2,6,0.5387696078431372,8.77911590221138,2022-03-14,Bayern,73
8812602509,52.9020847,9.1287241,0,2,0.4905612745098039,10.748187559857865,2022-03-14,Niedersachsen,104
8812602510,52.9044559,9.12761,0,2,0.5175245098039216,16.47701198084556,2022-03-14,Niedersachsen,104
8830549903,51.9497726,13.1601979,0,3,0.3955931372549019,9.325982116463178,2022-03-14,Brandenburg,98
8867998986,51.7141099,8.862925,0,2,0.2910482654600302,17.225655951415934,2022-03-14,Nordrhein-Westfalen,160
8867998989,51.7107917,8.8616649,0,2,0.257272498743087,12.786173470233893,2022-03-14,Nordrhein-Westfalen,155
8867998992,51.7096596,8.8674945,2,6,0.3268504901960784,9.19840068464704,2022-03-14,Nordrhein-Westfalen,155
8867998993,51.7137465,8.8711166,2,6,0.3217720588235294,9.79290571510143,2022-03-14,Nordrhein-Westfalen,155
8867998994,51.7064986,8.8657547,2,6,0.4059534313725491,13.764258102445488,2022-03-14,Nordrhein-Westfalen,155
8867998995,51.7058189,8.8714899,2,6,0.2949607843137255,16.44047574734563,2022-03-14,Nordrhein-Westfalen,155
8887476566,54.2289387,10.952913,0,2,0.4034093137254901,11.59949874990602,2022-03-14,Schleswig-Holstein,92
8887476567,54.2315857,10.9471636,0,2,0.3339583333333333,10.122391045885768,2022-03-14,Schleswig-Holstein,92
8887476568,54.2344661,10.9456616,0,2,0.283453431372549,18.45979001658693,2022-03-14,Schleswig-Holstein,92
8887476569,54.2380728,10.9436267,0,4,0.2308774509803921,22.87327492727525,2022-03-14,Schleswig-Holstein,92
8895117915,51.8327728,8.9237141,2,6,0.1572965686274509,15.829978266514203,2022-03-14,Nordrhein-Westfalen,149
8895117916,51.8297785,8.9236266,2,6,0.2697941176470587,10.69020266109056,2022-03-14,Nordrhein-Westfalen,138
8928848909,54.2500886,9.0052031,1,4,0.2565906862745097,12.423557251435966,2022-03-14,Schleswig-Holstein,116
8930554286,53.9520274,8.9295345,2,6,0.3988848039215686,13.564031184744104,2022-03-14,Schleswig-Holstein,92
8930610907,53.9896522,9.4052664,0,2,0.2219656862745097,12.905041498012762,2022-03-14,Schleswig-Holstein,135
8930610912,53.9857829,9.4046883,0,2,0.3836740196078431,6.032555423138035,2022-03-14,Schleswig-Holstein,135
8930613623,54.1508064,9.0439162,0,1,0.2647794117647059,16.898847011322026,2022-03-14,Schleswig-Holstein,122
8930929295,54.2445525,9.0509939,0,1,0.3794419306184012,8.177280207837146,2022-03-14,Schleswig-Holstein,122
8930942182,54.1454981,9.0459019,0,2,0.7152156862745099,3.218764759366384,2022-03-14,Schleswig-Holstein,86
8951658189,53.9199166,9.0570742,0,2,0.2742083333333333,9.390655434053809,2022-03-14,Schleswig-Holstein,92
8951658201,53.927901,9.0645538,0,2,0.415485294117647,11.743823198975043,2022-03-14,Schleswig-Holstein,92
8951658210,53.9246019,9.0532063,0,2,0.5297524509803923,8.98339729431871,2022-03-14,Schleswig-Holstein,92
8951679505,54.2062147,9.3323103,0,4,0.2229411764705882,10.053970843804564,2022-03-14,Schleswig-Holstein,81
8951679506,54.2026342,9.3355945,2,6,0.3830735294117646,12.906770203886929,2022-03-14,Schleswig-Holstein,81
9056090908,53.5003811,7.5911333,2,6,0.6160931372549019,9.886110826306114,2022-03-14,Niedersachsen,108
9056090911,53.5017239,7.5857581,2,6,0.7114117647058823,19.07642272224547,2022-03-14,Niedersachsen,108
9056090914,53.5031067,7.5899031,2,6,0.4906862745098039,15.87334031010236,2022-03-14,Niedersachsen,108
9097215196,51.6575351,6.2058886,2,6,0.205875,11.473047473337903,2022-03-14,Nordrhein-Westfalen,149
9097215197,51.6609507,6.2084437,2,6,0.1872769607843137,8.52410553943981,2022-03-14,Nordrhein-Westfalen,149
9097215198,51.6603571,6.2019873,0,2,0.3651789215686274,12.429182207953303,2022-03-14,Nordrhein-Westfalen,149
9097667498,51.6238038,6.141461,0,2,0.267610294117647,10.60610557888788,2022-03-14,Nordrhein-Westfalen,84
9097667499,51.6247572,6.1377883,0,2,0.2024730392156862,10.564106409018317,2022-03-14,Nordrhein-Westfalen,84
9097667500,51.6272208,6.1383201,0,2,0.256998491704374,9.788788215098617,2022-03-14,Nordrhein-Westfalen,98
9097667501,51.6290603,6.1431447,0,3,0.5645122549019608,9.42617467131287,2022-03-14,Nordrhein-Westfalen,108
9097667502,51.6268491,6.1441936,0,4,0.4635514705882353,6.609053142537339,2022-03-14,Nordrhein-Westfalen,98
9100779870,54.029619,9.3258096,2,6,0.2455882352941176,9.715495289076852,2022-03-14,Schleswig-Holstein,116
9100779871,54.0269438,9.3218658,2,6,0.244720588235294,13.63684387681419,2022-03-14,Schleswig-Holstein,116
9100779872,54.0260292,9.3269085,2,6,0.3626470588235294,11.975132449309816,2022-03-14,Schleswig-Holstein,116
9118910386,51.304078,7.7732327,2,6,0.3758725490196078,10.6355112057978,2022-03-14,Nordrhein-Westfalen,149
9118910402,51.2987244,7.7791723,2,6,0.2175612745098039,14.855190190454593,2022-03-14,Nordrhein-Westfalen,149
9118912029,51.3076825,7.7752881,2,6,0.3770833333333333,13.699294748113743,2022-03-14,Nordrhein-Westfalen,149
9118912030,51.3080037,7.7691322,2,6,0.4481446078431372,14.100701712304677,2022-03-14,Nordrhein-Westfalen,149
9118912044,51.3099155,7.7662513,2,6,0.4305441176470588,7.676117597622994,2022-03-14,Nordrhein-Westfalen,149
9197297272,54.7233709,9.0962176,1,3,0.2088989441930618,13.110934907663196,2022-03-14,Schleswig-Holstein,86
9197297275,54.723269,9.0904928,2,6,0.3014411764705882,10.879725165998128,2022-03-14,Schleswig-Holstein,86
9220210609,54.08834,9.2468273,2,6,0.2787598039215686,11.910687545914897,2022-03-14,Schleswig-Holstein,126
9220210612,54.0901383,9.2411415,2,6,0.2167769607843137,12.609835704701252,2022-03-14,Schleswig-Holstein,126
9234153933,52.0986676,10.4777916,0,2,0.1955392156862745,13.173762825497922,2022-03-14,Niedersachsen,166
9234153934,52.0985253,10.4862961,0,2,0.2009411764705882,9.991256171355104,2022-03-14,Niedersachsen,166
9234153935,52.1018793,10.4846195,1,1,0.2979705882352941,8.756955122434542,2022-03-14,Niedersachsen,160
9234153936,52.0960481,10.4818566,2,6,0.2039803921568627,17.9361216012761,2022-03-14,Niedersachsen,166
9234165835,51.0288021,6.590735,0,2,0.3804019607843137,9.576979541765006,2022-03-14,Nordrhein-Westfalen,140
9241353917,49.6755735,7.8958212,0,2,0.3848186274509804,7.798656136675429,2022-03-14,Rheinland-Pfalz,131
9241353925,49.6782533,7.9017435,0,3,0.3213308823529412,10.823970136125414,2022-03-14,Rheinland-Pfalz,131
9254092592,53.4611911,9.0713075,0,5,0.2482696078431372,14.975089254122889,2022-03-14,Niedersachsen,160
9254092593,53.4600643,9.0658808,2,6,0.4973946078431371,11.798213757376246,2022-03-14,Niedersachsen,160
9294973305,54.1882703,8.9251188,2,6,0.559857843137255,10.145723774895966,2022-03-14,Schleswig-Holstein,114
9294973312,54.1892446,8.9223828,0,4,0.3354166666666666,30.754382277433415,2022-03-14,Schleswig-Holstein,85
9294979438,54.186387,8.9274421,0,3,0.4690661764705883,15.35092212781414,2022-03-14,Schleswig-Holstein,108
9294979445,54.1949596,8.9305378,0,3,0.4785955882352941,6.147164210022745,2022-03-14,Schleswig-Holstein,85
9294983341,54.194225,8.9265169,0,3,0.4787867647058824,16.02423179152941,2022-03-14,Schleswig-Holstein,85
9295008417,54.1935771,8.9224578,0,3,0.4021519607843137,13.928998333747256,2022-03-14,Schleswig-Holstein,85
9298175043,49.3958798,9.6063721,2,6,0.0411323529411764,26.1735394045058,2022-03-14,Baden-Württemberg,160
9298175044,49.3970307,9.5999071,2,6,0.3571985294117646,15.492303164350709,2022-03-14,Baden-Württemberg,160
9298175045,49.3946512,9.5950418,2,6,0.1404338235294117,16.045398223821078,2022-03-14,Baden-Württemberg,160
9407119826,53.329785,13.772323,2,6,0.1614264705882353,11.822674714031471,2022-03-14,Brandenburg,149
9407717065,52.7895401,9.2980034,0,4,0.293982843137255,10.333787550513351,2022-03-14,Niedersachsen,166
9407717068,52.7889982,9.3043457,0,5,0.1962083333333333,14.29883832797284,2022-03-14,Niedersachsen,166
9407717070,52.7941182,9.302081,2,6,0.1646372549019608,11.657636791495234,2022-03-14,Niedersachsen,166
9418037265,54.0789145,13.0534655,0,1,0.2836691176470589,14.264227074157782,2022-03-14,Mecklenburg-Vorpommern,135
9431360218,51.7951471,6.9768658,2,6,0.541639705882353,11.516662461203444,2022-03-14,Nordrhein-Westfalen,160
9431360221,51.7897803,6.973319,2,6,0.5518074409250879,21.65461829642572,2022-03-14,Nordrhein-Westfalen,160
9431360224,51.7927522,6.9816094,2,6,0.4979191176470589,5.627487550035891,2022-03-14,Nordrhein-Westfalen,160
9505235104,53.9261137,9.0601802,0,2,0.2645269607843137,14.38442175548319,2022-03-14,Schleswig-Holstein,92
9566830026,53.3968465,8.6571763,0,2,0.306953431372549,11.845976163569814,2022-03-14,Niedersachsen,135
9566830037,53.3979731,8.6527515,0,1,0.4450343137254902,7.837973585596467,2022-03-14,Niedersachsen,135
9566830044,53.4012781,8.6496508,0,2,0.3788480392156862,12.641588654902575,2022-03-14,Niedersachsen,135
9566830045,53.400365,8.6554895,0,1,0.4208284313725491,9.917991482120394,2022-03-14,Niedersachsen,135
9582786247,53.8920433,11.9491043,0,2,0.2978799019607843,12.793182520763366,2022-03-14,Mecklenburg-Vorpommern,149
9582786257,53.8912041,11.9400004,0,2,0.3161666666666666,9.716985785238403,2022-03-14,Mecklenburg-Vorpommern,149
